/* 64x64 RGBA window icon (data/lestrix.png downscaled), so the taskbar shows it even without a matching .desktop file */
static const unsigned char APP_ICON_RGBA[64 * 64 * 4] = {
    0x00, 0x00, 0x00, 0x00, 0x00, 0x00, 0x00, 0x00, 0x00, 0x00, 0x00, 0x00, 0x00, 0x00, 0x00, 0x00, 0x00, 0x00, 0x00, 0x00, 0x00, 0x00, 0x00, 0x00, 0x00, 0x00, 0x00, 0x00, 0x00, 0x00, 0x00, 0x00,
    0x00, 0x00, 0x00, 0x00, 0x00, 0x00, 0x00, 0x00, 0x00, 0x00, 0x00, 0x01, 0x00, 0x00, 0x00, 0x03, 0x00, 0x3f, 0x3f, 0x04, 0x3f, 0x3f, 0x3f, 0x04, 0x33, 0x33, 0x33, 0x05, 0x33, 0x33, 0x33, 0x05,
    0x33, 0x33, 0x33, 0x05, 0x33, 0x33, 0x33, 0x05, 0x33, 0x33, 0x33, 0x05, 0x33, 0x33, 0x33, 0x05, 0x33, 0x33, 0x33, 0x05, 0x33, 0x33, 0x33, 0x05, 0x33, 0x33, 0x33, 0x05, 0x33, 0x33, 0x33, 0x05,
    0x33, 0x33, 0x33, 0x05, 0x33, 0x33, 0x33, 0x05, 0x33, 0x33, 0x33, 0x05, 0x33, 0x33, 0x33, 0x05, 0x33, 0x33, 0x33, 0x05, 0x33, 0x33, 0x33, 0x05, 0x33, 0x33, 0x33, 0x05, 0x33, 0x33, 0x33, 0x05,
    0x33, 0x33, 0x33, 0x05, 0x33, 0x33, 0x33, 0x05, 0x33, 0x33, 0x33, 0x05, 0x33, 0x33, 0x33, 0x05, 0x33, 0x33, 0x33, 0x05, 0x33, 0x33, 0x33, 0x05, 0x33, 0x33, 0x33, 0x05, 0x33, 0x33, 0x33, 0x05,
    0x33, 0x33, 0x33, 0x05, 0x33, 0x33, 0x33, 0x05, 0x33, 0x33, 0x33, 0x05, 0x33, 0x33, 0x33, 0x05, 0x33, 0x33, 0x33, 0x05, 0x33, 0x33, 0x33, 0x05, 0x33, 0x33, 0x33, 0x05, 0x33, 0x33, 0x33, 0x05,
    0x33, 0x33, 0x33, 0x05, 0x33, 0x33, 0x33, 0x05, 0x3f, 0x3f, 0x3f, 0x04, 0x00, 0x3f, 0x3f, 0x04, 0x00, 0x00, 0x00, 0x03, 0x00, 0x00, 0x00, 0x01, 0x00, 0x00, 0x00, 0x00, 0x00, 0x00, 0x00, 0x00,
    0x00, 0x00, 0x00, 0x00, 0x00, 0x00, 0x00, 0x00, 0x00, 0x00, 0x00, 0x00, 0x00, 0x00, 0x00, 0x00, 0x00, 0x00, 0x00, 0x00, 0x00, 0x00, 0x00, 0x00, 0x00, 0x00, 0x00, 0x00, 0x00, 0x00, 0x00, 0x00,
    0x00, 0x00, 0x00, 0x00, 0x00, 0x00, 0x00, 0x00, 0x00, 0x00, 0x00, 0x00, 0x00, 0x00, 0x00, 0x00, 0x00, 0x00, 0x00, 0x00, 0x00, 0x00, 0x00, 0x00, 0x00, 0x00, 0x00, 0x01, 0x00, 0x00, 0x55, 0x03,
    0x00, 0x55, 0x55, 0x03, 0x00, 0x00, 0x00, 0x00, 0x00, 0x00, 0x00, 0x00, 0x00, 0x00, 0x00, 0x00, 0x00, 0x00, 0x00, 0x00, 0x00, 0x00, 0x00, 0x00, 0x00, 0x00, 0x00, 0x00, 0x00, 0x00, 0x00, 0x00,
    0x00, 0x00, 0x00, 0x00, 0x00, 0x00, 0x00, 0x00, 0x00, 0x00, 0x00, 0x00, 0x00, 0x00, 0x00, 0x00, 0x00, 0x00, 0x00, 0x00, 0x00, 0x00, 0x00, 0x00, 0x00, 0x00, 0x00, 0x00, 0x00, 0x00, 0x00, 0x00,
    0x00, 0x00, 0x00, 0x00, 0x00, 0x00, 0x00, 0x00, 0x00, 0x00, 0x00, 0x00, 0x00, 0x00, 0x00, 0x00, 0x00, 0x00, 0x00, 0x00, 0x00, 0x00, 0x00, 0x00, 0x00, 0x00, 0x00, 0x00, 0x00, 0x00, 0x00, 0x00,
    0x00, 0x00, 0x00, 0x00, 0x00, 0x00, 0x00, 0x00, 0x00, 0x00, 0x00, 0x00, 0x00, 0x00, 0x00, 0x00, 0x00, 0x00, 0x00, 0x00, 0x00, 0x00, 0x00, 0x00, 0x00, 0x00, 0x00, 0x00, 0x00, 0x00, 0x00, 0x00,
    0x00, 0x00, 0x00, 0x00, 0x00, 0x00, 0x00, 0x00, 0x00, 0x00, 0x00, 0x00, 0x00, 0x00, 0x00, 0x00, 0x00, 0x00, 0x00, 0x00, 0x00, 0x00, 0x00, 0x00, 0x00, 0x00, 0x00, 0x00, 0x00, 0x00, 0x00, 0x00,
    0x00, 0x00, 0x00, 0x00, 0x00, 0x00, 0x00, 0x00, 0x00, 0x00, 0x00, 0x00, 0x00, 0x00, 0x00, 0x00, 0x00, 0x00, 0x00, 0x00, 0x00, 0x00, 0x00, 0x00, 0x00, 0x00, 0x00, 0x00, 0x00, 0x55, 0x55, 0x03,
    0x00, 0x00, 0x55, 0x03, 0x00, 0x00, 0x00, 0x01, 0x00, 0x00, 0x00, 0x00, 0x00, 0x00, 0x00, 0x00, 0x00, 0x00, 0x00, 0x00, 0x00, 0x00, 0x00, 0x00, 0x00, 0x00, 0x00, 0x00, 0x00, 0x00, 0x00, 0x00,
    0x00, 0x00, 0x00, 0x00, 0x00, 0x00, 0x00, 0x00, 0x00, 0x00, 0x00, 0x00, 0x00, 0x00, 0x00, 0x00, 0x00, 0x00, 0x00, 0x01, 0x00, 0x55, 0x55, 0x03, 0x00, 0x00, 0x00, 0x00, 0x00, 0x00, 0x00, 0x00,
    0x00, 0x00, 0x00, 0x00, 0x00, 0x00, 0x00, 0x00, 0x21, 0x21, 0x2c, 0x17, 0x21, 0x26, 0x2b, 0x35, 0x21, 0x24, 0x2b, 0x4c, 0x20, 0x22, 0x2a, 0x67, 0x1f, 0x21, 0x2a, 0x79, 0x1e, 0x22, 0x29, 0x7c,
    0x1e, 0x22, 0x28, 0x7d, 0x1e, 0x22, 0x28, 0x7d, 0x1e, 0x22, 0x28, 0x7d, 0x1e, 0x22, 0x28, 0x7d, 0x1e, 0x22, 0x28, 0x7d, 0x1e, 0x22, 0x28, 0x7d, 0x1e, 0x22, 0x28, 0x7d, 0x1e, 0x22, 0x28, 0x7d,
    0x1e, 0x22, 0x28, 0x7d, 0x1e, 0x22, 0x28, 0x7d, 0x1e, 0x22, 0x28, 0x7d, 0x1e, 0x22, 0x28, 0x7d, 0x1e, 0x22, 0x28, 0x7d, 0x1e, 0x22, 0x28, 0x7d, 0x1e, 0x22, 0x28, 0x7d, 0x1e, 0x22, 0x28, 0x7d,
    0x1e, 0x22, 0x28, 0x7d, 0x1e, 0x22, 0x28, 0x7d, 0x1e, 0x22, 0x28, 0x7d, 0x1e, 0x22, 0x28, 0x7d, 0x1e, 0x22, 0x28, 0x7d, 0x1e, 0x22, 0x28, 0x7d, 0x1e, 0x22, 0x28, 0x7d, 0x1e, 0x22, 0x28, 0x7d,
    0x1e, 0x22, 0x28, 0x7d, 0x1e, 0x22, 0x28, 0x7d, 0x1e, 0x22, 0x28, 0x7d, 0x1e, 0x22, 0x28, 0x7d, 0x1e, 0x22, 0x28, 0x7d, 0x1e, 0x22, 0x28, 0x7d, 0x1e, 0x22, 0x28, 0x7d, 0x1e, 0x22, 0x28, 0x7d,
    0x1e, 0x22, 0x29, 0x7c, 0x1f, 0x21, 0x2a, 0x79, 0x20, 0x22, 0x2a, 0x67, 0x21, 0x24, 0x2b, 0x4c, 0x21, 0x26, 0x2b, 0x35, 0x21, 0x21, 0x2c, 0x17, 0x00, 0x00, 0x00, 0x00, 0x00, 0x00, 0x00, 0x00,
    0x00, 0x00, 0x00, 0x00, 0x00, 0x00, 0x00, 0x00, 0x00, 0x55, 0x55, 0x03, 0x00, 0x00, 0x00, 0x01, 0x00, 0x00, 0x00, 0x00, 0x00, 0x00, 0x00, 0x00, 0x00, 0x00, 0x00, 0x00, 0x00, 0x00, 0x00, 0x00,
    0x00, 0x00, 0x00, 0x00, 0x00, 0x00, 0x00, 0x00, 0x00, 0x00, 0x00, 0x00, 0x00, 0x00, 0x00, 0x02, 0x00, 0x00, 0x00, 0x00, 0x00, 0x00, 0x00, 0x00, 0x19, 0x19, 0x19, 0x0a, 0x21, 0x24, 0x2b, 0x4d,
    0x20, 0x25, 0x2b, 0x97, 0x20, 0x23, 0x2b, 0xce, 0x1f, 0x23, 0x2b, 0xf1, 0x21, 0x25, 0x2c, 0xff, 0x22, 0x26, 0x2d, 0xff, 0x22, 0x26, 0x2e, 0xff, 0x22, 0x26, 0x2e, 0xff, 0x22, 0x27, 0x2e, 0xff,
    0x22, 0x27, 0x2e, 0xff, 0x22, 0x27, 0x2e, 0xff, 0x22, 0x27, 0x2e, 0xff, 0x22, 0x27, 0x2e, 0xff, 0x22, 0x27, 0x2e, 0xff, 0x22, 0x27, 0x2e, 0xff, 0x22, 0x27, 0x2e, 0xff, 0x22, 0x27, 0x2e, 0xff,
    0x22, 0x27, 0x2e, 0xff, 0x22, 0x27, 0x2e, 0xff, 0x22, 0x27, 0x2e, 0xff, 0x22, 0x27, 0x2e, 0xff, 0x22, 0x27, 0x2e, 0xff, 0x22, 0x27, 0x2e, 0xff, 0x22, 0x27, 0x2e, 0xff, 0x22, 0x27, 0x2e, 0xff,
    0x22, 0x27, 0x2e, 0xff, 0x22, 0x27, 0x2e, 0xff, 0x22, 0x27, 0x2e, 0xff, 0x22, 0x27, 0x2e, 0xff, 0x22, 0x27, 0x2e, 0xff, 0x22, 0x27, 0x2e, 0xff, 0x22, 0x27, 0x2e, 0xff, 0x22, 0x27, 0x2e, 0xff,
    0x22, 0x27, 0x2e, 0xff, 0x22, 0x27, 0x2e, 0xff, 0x22, 0x27, 0x2e, 0xff, 0x22, 0x27, 0x2e, 0xff, 0x22, 0x27, 0x2e, 0xff, 0x22, 0x27, 0x2e, 0xff, 0x22, 0x27, 0x2e, 0xff, 0x22, 0x27, 0x2e, 0xff,
    0x22, 0x27, 0x2e, 0xff, 0x22, 0x26, 0x2e, 0xff, 0x22, 0x26, 0x2e, 0xff, 0x22, 0x26, 0x2d, 0xff, 0x21, 0x25, 0x2c, 0xff, 0x1f, 0x23, 0x2b, 0xf1, 0x20, 0x23, 0x2b, 0xce, 0x20, 0x25, 0x2b, 0x97,
    0x21, 0x24, 0x2b, 0x4d, 0x19, 0x19, 0x19, 0x0a, 0x00, 0x00, 0x00, 0x00, 0x00, 0x00, 0x00, 0x00, 0x00, 0x00, 0x00, 0x02, 0x00, 0x00, 0x00, 0x00, 0x00, 0x00, 0x00, 0x00, 0x00, 0x00, 0x00, 0x00,
    0x00, 0x00, 0x00, 0x00, 0x00, 0x00, 0x00, 0x00, 0x00, 0x00, 0x00, 0x02, 0x00, 0x00, 0x00, 0x00, 0x1c, 0x1c, 0x1c, 0x09, 0x20, 0x24, 0x2b, 0x76, 0x20, 0x24, 0x2b, 0xdd, 0x22, 0x26, 0x2d, 0xff,
    0x22, 0x26, 0x2e, 0xff, 0x23, 0x26, 0x2d, 0xff, 0x23, 0x25, 0x2d, 0xff, 0x22, 0x25, 0x2c, 0xfe, 0x20, 0x24, 0x2b, 0xfc, 0x1f, 0x23, 0x2a, 0xfb, 0x1f, 0x23, 0x2a, 0xfb, 0x21, 0x25, 0x2b, 0xfb,
    0x22, 0x25, 0x2b, 0xfb, 0x22, 0x25, 0x2b, 0xfb, 0x20, 0x24, 0x2a, 0xfb, 0x1f, 0x23, 0x2a, 0xfb, 0x20, 0x24, 0x2a, 0xfb, 0x20, 0x25, 0x2c, 0xfb, 0x20, 0x25, 0x2c, 0xfb, 0x20, 0x25, 0x2b, 0xfb,
    0x1f, 0x23, 0x2a, 0xfb, 0x1f, 0x23, 0x2a, 0xfb, 0x1f, 0x23, 0x2a, 0xfb, 0x1f, 0x23, 0x2a, 0xfb, 0x1f, 0x23, 0x2a, 0xfb, 0x1f, 0x23, 0x2a, 0xfb, 0x1f, 0x23, 0x2a, 0xfb, 0x1f, 0x23, 0x2a, 0xfb,
    0x1f, 0x23, 0x2a, 0xfb, 0x1f, 0x23, 0x2a, 0xfb, 0x1f, 0x23, 0x2a, 0xfb, 0x1f, 0x23, 0x2a, 0xfb, 0x1f, 0x23, 0x2a, 0xfb, 0x1f, 0x23, 0x2a, 0xfb, 0x1f, 0x23, 0x2a, 0xfb, 0x1f, 0x23, 0x2a, 0xfb,
    0x1f, 0x23, 0x2a, 0xfb, 0x1f, 0x23, 0x2a, 0xfb, 0x1f, 0x23, 0x2a, 0xfb, 0x1f, 0x23, 0x2a, 0xfb, 0x1f, 0x23, 0x2a, 0xfb, 0x1f, 0x23, 0x2a, 0xfb, 0x1f, 0x23, 0x2a, 0xfb, 0x1f, 0x23, 0x2a, 0xfb,
    0x1f, 0x23, 0x2a, 0xfb, 0x1f, 0x23, 0x2a, 0xfb, 0x20, 0x23, 0x2a, 0xfb, 0x20, 0x24, 0x2b, 0xfc, 0x20, 0x24, 0x2b, 0xfe, 0x20, 0x25, 0x2c, 0xff, 0x21, 0x25, 0x2d, 0xff, 0x22, 0x27, 0x2e, 0xff,
    0x22, 0x26, 0x2d, 0xff, 0x20, 0x24, 0x2b, 0xdd, 0x20, 0x24, 0x2b, 0x76, 0x1c, 0x1c, 0x1c, 0x09, 0x00, 0x00, 0x00, 0x00, 0x00, 0x00, 0x00, 0x02, 0x00, 0x00, 0x00, 0x00, 0x00, 0x00, 0x00, 0x00,
    0x00, 0x00, 0x00, 0x00, 0x00, 0x00, 0x00, 0x02, 0x00, 0x00, 0x00, 0x00, 0x22, 0x22, 0x29, 0x25, 0x21, 0x24, 0x2c, 0xcf, 0x22, 0x26, 0x2e, 0xff, 0x21, 0x25, 0x2c, 0xff, 0x1f, 0x24, 0x2a, 0xfd,
    0x21, 0x24, 0x2b, 0xfb, 0x1b, 0x22, 0x29, 0xfd, 0x14, 0x20, 0x26, 0xfe, 0x15, 0x20, 0x27, 0xff, 0x1e, 0x23, 0x2a, 0xff, 0x20, 0x24, 0x2b, 0xff, 0x21, 0x25, 0x2b, 0xff, 0x18, 0x1e, 0x28, 0xff,
    0x14, 0x1b, 0x26, 0xff, 0x15, 0x1c, 0x27, 0xff, 0x20, 0x24, 0x2b, 0xff, 0x20, 0x24, 0x2b, 0xff, 0x20, 0x24, 0x2b, 0xff, 0x1e, 0x1d, 0x25, 0xff, 0x1d, 0x1c, 0x24, 0xff, 0x1e, 0x1e, 0x26, 0xff,
    0x20, 0x25, 0x2c, 0xff, 0x20, 0x24, 0x2b, 0xff, 0x20, 0x24, 0x2b, 0xff, 0x20, 0x24, 0x2b, 0xff, 0x20, 0x24, 0x2b, 0xff, 0x20, 0x24, 0x2b, 0xff, 0x20, 0x24, 0x2b, 0xff, 0x20, 0x24, 0x2b, 0xff,
    0x20, 0x24, 0x2b, 0xff, 0x20, 0x24, 0x2b, 0xff, 0x20, 0x24, 0x2b, 0xff, 0x20, 0x24, 0x2b, 0xff, 0x20, 0x24, 0x2b, 0xff, 0x20, 0x24, 0x2b, 0xff, 0x20, 0x24, 0x2b, 0xff, 0x20, 0x24, 0x2b, 0xff,
    0x20, 0x24, 0x2b, 0xff, 0x20, 0x24, 0x2b, 0xff, 0x20, 0x24, 0x2b, 0xff, 0x20, 0x24, 0x2b, 0xff, 0x20, 0x24, 0x2b, 0xff, 0x20, 0x24, 0x2b, 0xff, 0x20, 0x24, 0x2b, 0xff, 0x20, 0x24, 0x2b, 0xff,
    0x20, 0x24, 0x2b, 0xff, 0x20, 0x24, 0x2b, 0xff, 0x20, 0x24, 0x2b, 0xff, 0x20, 0x24, 0x2b, 0xff, 0x20, 0x24, 0x2b, 0xff, 0x20, 0x24, 0x2b, 0xfe, 0x20, 0x24, 0x2b, 0xfd, 0x1f, 0x23, 0x2a, 0xfb,
    0x20, 0x24, 0x2b, 0xfd, 0x21, 0x25, 0x2c, 0xff, 0x22, 0x26, 0x2e, 0xff, 0x21, 0x25, 0x2c, 0xce, 0x22, 0x22, 0x29, 0x25, 0x00, 0x00, 0x00, 0x00, 0x00, 0x00, 0x00, 0x02, 0x00, 0x00, 0x00, 0x00,
    0x00, 0x00, 0x00, 0x01, 0x00, 0x00, 0x00, 0x01, 0x1f, 0x1f, 0x2f, 0x10, 0x1f, 0x24, 0x2b, 0xdb, 0x22, 0x26, 0x2e, 0xff, 0x20, 0x23, 0x2a, 0xfa, 0x20, 0x24, 0x2b, 0xfd, 0x21, 0x25, 0x2c, 0xff,
    0x1a, 0x22, 0x29, 0xff, 0x38, 0x2d, 0x34, 0xff, 0xa3, 0x55, 0x5e, 0xff, 0x8e, 0x4d, 0x55, 0xff, 0x25, 0x26, 0x2d, 0xff, 0x20, 0x25, 0x2b, 0xff, 0x19, 0x1e, 0x28, 0xff, 0x53, 0x4d, 0x40, 0xff,
    0xb2, 0x97, 0x66, 0xff, 0x76, 0x68, 0x4e, 0xff, 0x1b, 0x20, 0x29, 0xff, 0x21, 0x25, 0x2c, 0xff, 0x1f, 0x20, 0x28, 0xff, 0x33, 0x5e, 0x58, 0xff, 0x43, 0x8e, 0x7e, 0xff, 0x2d, 0x4c, 0x4a, 0xff,
    0x1e, 0x1e, 0x26, 0xff, 0x21, 0x25, 0x2c, 0xff, 0x20, 0x24, 0x2b, 0xff, 0x20, 0x24, 0x2b, 0xff, 0x20, 0x24, 0x2b, 0xff, 0x20, 0x24, 0x2b, 0xff, 0x20, 0x24, 0x2b, 0xff, 0x20, 0x24, 0x2b, 0xff,
    0x20, 0x24, 0x2b, 0xff, 0x20, 0x24, 0x2b, 0xff, 0x20, 0x24, 0x2b, 0xff, 0x20, 0x24, 0x2b, 0xff, 0x20, 0x24, 0x2b, 0xff, 0x20, 0x24, 0x2b, 0xff, 0x20, 0x24, 0x2b, 0xff, 0x20, 0x24, 0x2b, 0xff,
    0x20, 0x24, 0x2b, 0xff, 0x20, 0x24, 0x2b, 0xff, 0x20, 0x24, 0x2b, 0xff, 0x20, 0x24, 0x2b, 0xff, 0x20, 0x24, 0x2b, 0xff, 0x20, 0x24, 0x2b, 0xff, 0x20, 0x24, 0x2b, 0xff, 0x20, 0x24, 0x2b, 0xff,
    0x20, 0x24, 0x2b, 0xff, 0x20, 0x24, 0x2b, 0xff, 0x20, 0x24, 0x2b, 0xff, 0x20, 0x24, 0x2b, 0xff, 0x20, 0x24, 0x2b, 0xff, 0x20, 0x24, 0x2b, 0xff, 0x20, 0x24, 0x2b, 0xff, 0x20, 0x24, 0x2b, 0xff,
    0x20, 0x24, 0x2b, 0xff, 0x20, 0x24, 0x2b, 0xfd, 0x20, 0x23, 0x2a, 0xfa, 0x22, 0x26, 0x2e, 0xff, 0x1f, 0x24, 0x2b, 0xdb, 0x1f, 0x1f, 0x2f, 0x10, 0x00, 0x00, 0x00, 0x01, 0x00, 0x00, 0x00, 0x01,
    0x3f, 0x3f, 0x3f, 0x04, 0x00, 0x00, 0x00, 0x00, 0x20, 0x23, 0x2b, 0x5e, 0x22, 0x27, 0x2e, 0xff, 0x20, 0x23, 0x2a, 0xfa, 0x20, 0x24, 0x2b, 0xff, 0x20, 0x24, 0x2b, 0xff, 0x21, 0x24, 0x2b, 0xff,
    0x19, 0x22, 0x28, 0xff, 0xaf, 0x5a, 0x62, 0xff, 0xf1, 0x72, 0x7b, 0xff, 0xf3, 0x73, 0x7c, 0xff, 0x83, 0x49, 0x51, 0xff, 0x10, 0x1d, 0x25, 0xff, 0x30, 0x30, 0x31, 0xff, 0xd9, 0xb7, 0x76, 0xff,
    0xf2, 0xca, 0x80, 0xff, 0xf3, 0xcb, 0x80, 0xff, 0x57, 0x51, 0x42, 0xff, 0x14, 0x15, 0x22, 0xff, 0x2e, 0x48, 0x47, 0xff, 0x52, 0xbb, 0xa0, 0xff, 0x52, 0xbc, 0xa1, 0xff, 0x4d, 0xad, 0x96, 0xff,
    0x24, 0x31, 0x35, 0xff, 0x1f, 0x21, 0x29, 0xff, 0x20, 0x25, 0x2c, 0xff, 0x20, 0x24, 0x2b, 0xff, 0x20, 0x24, 0x2b, 0xff, 0x20, 0x24, 0x2b, 0xff, 0x20, 0x24, 0x2b, 0xff, 0x20, 0x24, 0x2b, 0xff,
    0x20, 0x24, 0x2b, 0xff, 0x20, 0x24, 0x2b, 0xff, 0x20, 0x24, 0x2b, 0xff, 0x20, 0x24, 0x2b, 0xff, 0x20, 0x24, 0x2b, 0xff, 0x20, 0x24, 0x2b, 0xff, 0x20, 0x24, 0x2b, 0xff, 0x20, 0x24, 0x2b, 0xff,
    0x20, 0x24, 0x2b, 0xff, 0x20, 0x24, 0x2b, 0xff, 0x20, 0x24, 0x2b, 0xff, 0x20, 0x24, 0x2b, 0xff, 0x20, 0x24, 0x2b, 0xff, 0x20, 0x24, 0x2b, 0xff, 0x20, 0x24, 0x2b, 0xff, 0x20, 0x24, 0x2b, 0xff,
    0x20, 0x24, 0x2b, 0xff, 0x20, 0x24, 0x2b, 0xff, 0x20, 0x24, 0x2b, 0xff, 0x20, 0x24, 0x2b, 0xff, 0x20, 0x24, 0x2b, 0xff, 0x20, 0x24, 0x2b, 0xff, 0x20, 0x24, 0x2b, 0xff, 0x20, 0x24, 0x2b, 0xff,
    0x20, 0x24, 0x2b, 0xff, 0x20, 0x24, 0x2b, 0xff, 0x20, 0x24, 0x2b, 0xff, 0x20, 0x23, 0x2a, 0xfa, 0x22, 0x27, 0x2e, 0xff, 0x20, 0x23, 0x2b, 0x5e, 0x00, 0x00, 0x00, 0x00, 0x3f, 0x3f, 0x3f, 0x04,
    0x3f, 0x3f, 0x3f, 0x04, 0x00, 0x00, 0x00, 0x00, 0x20, 0x25, 0x2b, 0x75, 0x22, 0x26, 0x2e, 0xfe, 0x20, 0x23, 0x2a, 0xfb, 0x20, 0x24, 0x2b, 0xff, 0x20, 0x24, 0x2b, 0xff, 0x21, 0x24, 0x2b, 0xff,
    0x19, 0x22, 0x28, 0xff, 0xaf, 0x5a, 0x62, 0xff, 0xf1, 0x72, 0x7b, 0xff, 0xf3, 0x73, 0x7c, 0xff, 0x83, 0x49, 0x51, 0xff, 0x10, 0x1d, 0x25, 0xff, 0x30, 0x30, 0x31, 0xff, 0xd9, 0xb7, 0x76, 0xff,
    0xf2, 0xca, 0x80, 0xff, 0xf3, 0xcb, 0x80, 0xff, 0x57, 0x51, 0x42, 0xff, 0x14, 0x15, 0x22, 0xff, 0x2e, 0x48, 0x47, 0xff, 0x52, 0xbb, 0xa0, 0xff, 0x52, 0xbc, 0xa1, 0xff, 0x4d, 0xad, 0x96, 0xff,
    0x24, 0x31, 0x35, 0xff, 0x1f, 0x21, 0x29, 0xff, 0x20, 0x25, 0x2c, 0xff, 0x20, 0x24, 0x2b, 0xff, 0x20, 0x24, 0x2b, 0xff, 0x20, 0x24, 0x2b, 0xff, 0x20, 0x24, 0x2b, 0xff, 0x20, 0x24, 0x2b, 0xff,
    0x20, 0x24, 0x2b, 0xff, 0x20, 0x24, 0x2b, 0xff, 0x20, 0x24, 0x2b, 0xff, 0x20, 0x24, 0x2b, 0xff, 0x20, 0x24, 0x2b, 0xff, 0x20, 0x24, 0x2b, 0xff, 0x20, 0x24, 0x2b, 0xff, 0x20, 0x24, 0x2b, 0xff,
    0x20, 0x24, 0x2b, 0xff, 0x20, 0x24, 0x2b, 0xff, 0x20, 0x24, 0x2b, 0xff, 0x20, 0x24, 0x2b, 0xff, 0x20, 0x24, 0x2b, 0xff, 0x20, 0x24, 0x2b, 0xff, 0x20, 0x24, 0x2b, 0xff, 0x20, 0x24, 0x2b, 0xff,
    0x20, 0x24, 0x2b, 0xff, 0x20, 0x24, 0x2b, 0xff, 0x20, 0x24, 0x2b, 0xff, 0x20, 0x24, 0x2b, 0xff, 0x20, 0x24, 0x2b, 0xff, 0x20, 0x24, 0x2b, 0xff, 0x20, 0x24, 0x2b, 0xff, 0x20, 0x24, 0x2b, 0xff,
    0x20, 0x24, 0x2b, 0xff, 0x20, 0x24, 0x2b, 0xff, 0x20, 0x24, 0x2b, 0xff, 0x20, 0x23, 0x2a, 0xfb, 0x22, 0x26, 0x2e, 0xfe, 0x20, 0x25, 0x2b, 0x75, 0x00, 0x00, 0x00, 0x00, 0x3f, 0x3f, 0x3f, 0x04,
    0x3f, 0x3f, 0x3f, 0x04, 0x00, 0x00, 0x00, 0x00, 0x1f, 0x24, 0x2a, 0x71, 0x22, 0x26, 0x2e, 0xff, 0x20, 0x23, 0x2a, 0xfb, 0x20, 0x24, 0x2b, 0xff, 0x20, 0x24, 0x2b, 0xff, 0x21, 0x25, 0x2c, 0xff,
    0x1a, 0x22, 0x29, 0xff, 0x38, 0x2d, 0x34, 0xff, 0xa3, 0x55, 0x5e, 0xff, 0x8e, 0x4d, 0x55, 0xff, 0x25, 0x26, 0x2d, 0xff, 0x20, 0x25, 0x2b, 0xff, 0x19, 0x1e, 0x28, 0xff, 0x53, 0x4d, 0x40, 0xff,
    0xb2, 0x97, 0x66, 0xff, 0x75, 0x68, 0x4e, 0xff, 0x1b, 0x20, 0x29, 0xff, 0x21, 0x25, 0x2c, 0xff, 0x1f, 0x20, 0x28, 0xff, 0x33, 0x5e, 0x58, 0xff, 0x43, 0x8e, 0x7e, 0xff, 0x2d, 0x4c, 0x4a, 0xff,
    0x1e, 0x1e, 0x26, 0xff, 0x21, 0x25, 0x2c, 0xff, 0x20, 0x24, 0x2b, 0xff, 0x20, 0x24, 0x2b, 0xff, 0x20, 0x24, 0x2b, 0xff, 0x20, 0x24, 0x2b, 0xff, 0x20, 0x24, 0x2b, 0xff, 0x20, 0x24, 0x2b, 0xff,
    0x20, 0x24, 0x2b, 0xff, 0x20, 0x24, 0x2b, 0xff, 0x20, 0x24, 0x2b, 0xff, 0x20, 0x24, 0x2b, 0xff, 0x20, 0x24, 0x2b, 0xff, 0x20, 0x24, 0x2b, 0xff, 0x20, 0x24, 0x2b, 0xff, 0x20, 0x24, 0x2b, 0xff,
    0x20, 0x24, 0x2b, 0xff, 0x20, 0x24, 0x2b, 0xff, 0x20, 0x24, 0x2b, 0xff, 0x20, 0x24, 0x2b, 0xff, 0x20, 0x24, 0x2b, 0xff, 0x20, 0x24, 0x2b, 0xff, 0x20, 0x24, 0x2b, 0xff, 0x20, 0x24, 0x2b, 0xff,
    0x20, 0x24, 0x2b, 0xff, 0x20, 0x24, 0x2b, 0xff, 0x20, 0x24, 0x2b, 0xff, 0x20, 0x24, 0x2b, 0xff, 0x20, 0x24, 0x2b, 0xff, 0x20, 0x24, 0x2b, 0xff, 0x20, 0x24, 0x2b, 0xff, 0x20, 0x24, 0x2b, 0xff,
    0x20, 0x24, 0x2b, 0xff, 0x20, 0x24, 0x2b, 0xff, 0x20, 0x24, 0x2b, 0xff, 0x20, 0x23, 0x2a, 0xfb, 0x22, 0x26, 0x2e, 0xff, 0x1f, 0x24, 0x2a, 0x71, 0x00, 0x00, 0x00, 0x00, 0x3f, 0x3f, 0x3f, 0x04,
    0x3f, 0x3f, 0x3f, 0x04, 0x00, 0x00, 0x00, 0x00, 0x1f, 0x24, 0x2a, 0x71, 0x22, 0x26, 0x2e, 0xff, 0x20, 0x23, 0x2a, 0xfb, 0x20, 0x24, 0x2b, 0xff, 0x20, 0x24, 0x2b, 0xff, 0x20, 0x24, 0x2b, 0xff,
    0x21, 0x24, 0x2b, 0xff, 0x1b, 0x22, 0x29, 0xff, 0x15, 0x20, 0x27, 0xff, 0x15, 0x20, 0x27, 0xff, 0x1e, 0x23, 0x2a, 0xff, 0x20, 0x24, 0x2b, 0xff, 0x21, 0x25, 0x2b, 0xff, 0x18, 0x1e, 0x28, 0xff,
    0x14, 0x1b, 0x26, 0xff, 0x15, 0x1c, 0x27, 0xff, 0x20, 0x24, 0x2b, 0xff, 0x20, 0x24, 0x2b, 0xff, 0x20, 0x24, 0x2b, 0xff, 0x1e, 0x1d, 0x25, 0xff, 0x1d, 0x1c, 0x24, 0xff, 0x1e, 0x1e, 0x26, 0xff,
    0x20, 0x25, 0x2c, 0xff, 0x20, 0x24, 0x2b, 0xff, 0x20, 0x24, 0x2b, 0xff, 0x20, 0x24, 0x2b, 0xff, 0x20, 0x24, 0x2b, 0xff, 0x20, 0x24, 0x2b, 0xff, 0x20, 0x24, 0x2b, 0xff, 0x20, 0x24, 0x2b, 0xff,
    0x20, 0x24, 0x2b, 0xff, 0x20, 0x24, 0x2b, 0xff, 0x20, 0x24, 0x2b, 0xff, 0x20, 0x24, 0x2b, 0xff, 0x20, 0x24, 0x2b, 0xff, 0x20, 0x24, 0x2b, 0xff, 0x20, 0x24, 0x2b, 0xff, 0x20, 0x24, 0x2b, 0xff,
    0x20, 0x24, 0x2b, 0xff, 0x20, 0x24, 0x2b, 0xff, 0x20, 0x24, 0x2b, 0xff, 0x20, 0x24, 0x2b, 0xff, 0x20, 0x24, 0x2b, 0xff, 0x20, 0x24, 0x2b, 0xff, 0x20, 0x24, 0x2b, 0xff, 0x20, 0x24, 0x2b, 0xff,
    0x20, 0x24, 0x2b, 0xff, 0x20, 0x24, 0x2b, 0xff, 0x20, 0x24, 0x2b, 0xff, 0x20, 0x24, 0x2b, 0xff, 0x20, 0x24, 0x2b, 0xff, 0x20, 0x24, 0x2b, 0xff, 0x20, 0x24, 0x2b, 0xff, 0x20, 0x24, 0x2b, 0xff,
    0x20, 0x24, 0x2b, 0xff, 0x20, 0x24, 0x2b, 0xff, 0x20, 0x24, 0x2b, 0xff, 0x20, 0x23, 0x2a, 0xfb, 0x22, 0x26, 0x2e, 0xff, 0x1f, 0x24, 0x2a, 0x71, 0x00, 0x00, 0x00, 0x00, 0x3f, 0x3f, 0x3f, 0x04,
    0x3f, 0x3f, 0x3f, 0x04, 0x00, 0x00, 0x00, 0x00, 0x1f, 0x24, 0x2a, 0x71, 0x22, 0x26, 0x2e, 0xff, 0x20, 0x23, 0x2a, 0xfb, 0x20, 0x24, 0x2b, 0xff, 0x20, 0x24, 0x2b, 0xff, 0x20, 0x24, 0x2b, 0xff,
    0x20, 0x24, 0x2b, 0xff, 0x21, 0x24, 0x2b, 0xff, 0x22, 0x25, 0x2c, 0xff, 0x22, 0x25, 0x2c, 0xff, 0x21, 0x24, 0x2b, 0xff, 0x20, 0x24, 0x2b, 0xff, 0x20, 0x24, 0x2b, 0xff, 0x22, 0x25, 0x2c, 0xff,
    0x22, 0x26, 0x2c, 0xff, 0x22, 0x26, 0x2c, 0xff, 0x20, 0x24, 0x2b, 0xff, 0x20, 0x24, 0x2b, 0xff, 0x20, 0x24, 0x2b, 0xff, 0x20, 0x26, 0x2c, 0xff, 0x20, 0x26, 0x2c, 0xff, 0x20, 0x25, 0x2c, 0xff,
    0x20, 0x24, 0x2b, 0xff, 0x20, 0x24, 0x2b, 0xff, 0x20, 0x24, 0x2b, 0xff, 0x20, 0x24, 0x2b, 0xff, 0x20, 0x24, 0x2b, 0xff, 0x20, 0x24, 0x2b, 0xff, 0x20, 0x24, 0x2b, 0xff, 0x20, 0x24, 0x2b, 0xff,
    0x20, 0x24, 0x2b, 0xff, 0x20, 0x24, 0x2b, 0xff, 0x20, 0x24, 0x2b, 0xff, 0x20, 0x24, 0x2b, 0xff, 0x20, 0x24, 0x2b, 0xff, 0x20, 0x24, 0x2b, 0xff, 0x20, 0x24, 0x2b, 0xff, 0x20, 0x24, 0x2b, 0xff,
    0x20, 0x24, 0x2b, 0xff, 0x20, 0x24, 0x2b, 0xff, 0x20, 0x24, 0x2b, 0xff, 0x20, 0x24, 0x2b, 0xff, 0x20, 0x24, 0x2b, 0xff, 0x20, 0x24, 0x2b, 0xff, 0x20, 0x24, 0x2b, 0xff, 0x20, 0x24, 0x2b, 0xff,
    0x20, 0x24, 0x2b, 0xff, 0x20, 0x24, 0x2b, 0xff, 0x20, 0x24, 0x2b, 0xff, 0x20, 0x24, 0x2b, 0xff, 0x20, 0x24, 0x2b, 0xff, 0x20, 0x24, 0x2b, 0xff, 0x20, 0x24, 0x2b, 0xff, 0x20, 0x24, 0x2b, 0xff,
    0x20, 0x24, 0x2b, 0xff, 0x20, 0x24, 0x2b, 0xff, 0x20, 0x24, 0x2b, 0xff, 0x20, 0x23, 0x2a, 0xfb, 0x22, 0x26, 0x2e, 0xff, 0x1f, 0x24, 0x2a, 0x71, 0x00, 0x00, 0x00, 0x00, 0x3f, 0x3f, 0x3f, 0x04,
    0x3f, 0x3f, 0x3f, 0x04, 0x00, 0x00, 0x00, 0x00, 0x1f, 0x23, 0x2c, 0x73, 0x23, 0x27, 0x2f, 0xff, 0x21, 0x24, 0x2b, 0xfb, 0x21, 0x25, 0x2c, 0xff, 0x21, 0x25, 0x2c, 0xff, 0x21, 0x25, 0x2c, 0xff,
    0x21, 0x25, 0x2c, 0xff, 0x21, 0x25, 0x2c, 0xff, 0x21, 0x25, 0x2c, 0xff, 0x21, 0x25, 0x2c, 0xff, 0x21, 0x25, 0x2c, 0xff, 0x21, 0x25, 0x2c, 0xff, 0x21, 0x25, 0x2c, 0xff, 0x21, 0x25, 0x2c, 0xff,
    0x21, 0x25, 0x2c, 0xff, 0x21, 0x25, 0x2c, 0xff, 0x21, 0x25, 0x2c, 0xff, 0x21, 0x25, 0x2c, 0xff, 0x21, 0x25, 0x2c, 0xff, 0x21, 0x25, 0x2c, 0xff, 0x21, 0x25, 0x2c, 0xff, 0x21, 0x25, 0x2c, 0xff,
    0x21, 0x25, 0x2c, 0xff, 0x21, 0x25, 0x2c, 0xff, 0x21, 0x25, 0x2c, 0xff, 0x21, 0x25, 0x2c, 0xff, 0x21, 0x25, 0x2c, 0xff, 0x21, 0x25, 0x2c, 0xff, 0x21, 0x25, 0x2c, 0xff, 0x21, 0x25, 0x2c, 0xff,
    0x21, 0x25, 0x2c, 0xff, 0x21, 0x25, 0x2c, 0xff, 0x21, 0x25, 0x2c, 0xff, 0x21, 0x25, 0x2c, 0xff, 0x21, 0x25, 0x2c, 0xff, 0x21, 0x25, 0x2c, 0xff, 0x21, 0x25, 0x2c, 0xff, 0x21, 0x25, 0x2c, 0xff,
    0x21, 0x25, 0x2c, 0xff, 0x21, 0x25, 0x2c, 0xff, 0x21, 0x25, 0x2c, 0xff, 0x21, 0x25, 0x2c, 0xff, 0x21, 0x25, 0x2c, 0xff, 0x21, 0x25, 0x2c, 0xff, 0x21, 0x25, 0x2c, 0xff, 0x21, 0x25, 0x2c, 0xff,
    0x21, 0x25, 0x2c, 0xff, 0x21, 0x25, 0x2c, 0xff, 0x21, 0x25, 0x2c, 0xff, 0x21, 0x25, 0x2c, 0xff, 0x21, 0x25, 0x2c, 0xff, 0x21, 0x25, 0x2c, 0xff, 0x21, 0x25, 0x2c, 0xff, 0x21, 0x25, 0x2c, 0xff,
    0x21, 0x25, 0x2c, 0xff, 0x21, 0x25, 0x2c, 0xff, 0x21, 0x25, 0x2c, 0xff, 0x21, 0x24, 0x2b, 0xfb, 0x23, 0x27, 0x2f, 0xff, 0x1f, 0x25, 0x2c, 0x73, 0x00, 0x00, 0x00, 0x00, 0x3f, 0x3f, 0x3f, 0x04,
    0x00, 0x3f, 0x3f, 0x04, 0x00, 0x00, 0x00, 0x00, 0x1a, 0x1f, 0x24, 0x61, 0x1c, 0x1f, 0x26, 0xff, 0x1a, 0x1d, 0x23, 0xfc, 0x1a, 0x1d, 0x23, 0xff, 0x1a, 0x1d, 0x23, 0xff, 0x1a, 0x1d, 0x23, 0xff,
    0x1a, 0x1d, 0x23, 0xff, 0x1a, 0x1d, 0x23, 0xff, 0x1a, 0x1d, 0x23, 0xff, 0x1a, 0x1d, 0x23, 0xff, 0x1b, 0x1d, 0x24, 0xff, 0x1b, 0x1e, 0x24, 0xff, 0x1b, 0x1e, 0x24, 0xff, 0x1b, 0x1e, 0x24, 0xff,
    0x1b, 0x1e, 0x24, 0xff, 0x1b, 0x1e, 0x24, 0xff, 0x1b, 0x1e, 0x24, 0xff, 0x1b, 0x1e, 0x24, 0xff, 0x1b, 0x1e, 0x24, 0xff, 0x1b, 0x1e, 0x24, 0xff, 0x1b, 0x1e, 0x24, 0xff, 0x1b, 0x1e, 0x24, 0xff,
    0x1b, 0x1e, 0x24, 0xff, 0x1b, 0x1e, 0x24, 0xff, 0x1b, 0x1e, 0x24, 0xff, 0x1b, 0x1e, 0x24, 0xff, 0x1b, 0x1e, 0x24, 0xff, 0x1b, 0x1e, 0x24, 0xff, 0x1b, 0x1e, 0x24, 0xff, 0x1b, 0x1e, 0x24, 0xff,
    0x1b, 0x1e, 0x24, 0xff, 0x1b, 0x1e, 0x24, 0xff, 0x1b, 0x1e, 0x24, 0xff, 0x1b, 0x1e, 0x24, 0xff, 0x1b, 0x1e, 0x24, 0xff, 0x1b, 0x1e, 0x24, 0xff, 0x1b, 0x1e, 0x24, 0xff, 0x1b, 0x1e, 0x24, 0xff,
    0x1b, 0x1e, 0x24, 0xff, 0x1b, 0x1e, 0x24, 0xff, 0x1b, 0x1e, 0x24, 0xff, 0x1b, 0x1e, 0x24, 0xff, 0x1b, 0x1e, 0x24, 0xff, 0x1b, 0x1e, 0x24, 0xff, 0x1b, 0x1e, 0x24, 0xff, 0x1b, 0x1e, 0x24, 0xff,
    0x1b, 0x1e, 0x24, 0xff, 0x1b, 0x1e, 0x24, 0xff, 0x1b, 0x1e, 0x24, 0xff, 0x1b, 0x1d, 0x24, 0xff, 0x1a, 0x1d, 0x23, 0xff, 0x1a, 0x1d, 0x23, 0xff, 0x1a, 0x1d, 0x23, 0xff, 0x1a, 0x1d, 0x23, 0xff,
    0x1a, 0x1d, 0x23, 0xff, 0x1a, 0x1d, 0x23, 0xff, 0x1a, 0x1d, 0x23, 0xff, 0x1a, 0x1d, 0x23, 0xfc, 0x1c, 0x1f, 0x26, 0xff, 0x1a, 0x1f, 0x24, 0x61, 0x00, 0x00, 0x00, 0x00, 0x00, 0x3f, 0x3f, 0x04,
    0x00, 0x00, 0x00, 0x04, 0x00, 0x00, 0x00, 0x00, 0x14, 0x16, 0x1b, 0x65, 0x16, 0x19, 0x1e, 0xff, 0x15, 0x17, 0x1c, 0xfb, 0x15, 0x17, 0x1c, 0xff, 0x15, 0x17, 0x1c, 0xff, 0x15, 0x17, 0x1c, 0xff,
    0x15, 0x17, 0x1c, 0xff, 0x15, 0x17, 0x1c, 0xff, 0x15, 0x17, 0x1c, 0xff, 0x15, 0x17, 0x1c, 0xff, 0x15, 0x17, 0x1c, 0xff, 0x15, 0x17, 0x1c, 0xff, 0x15, 0x17, 0x1c, 0xff, 0x15, 0x17, 0x1c, 0xff,
    0x15, 0x17, 0x1c, 0xff, 0x15, 0x17, 0x1c, 0xff, 0x15, 0x17, 0x1c, 0xff, 0x15, 0x17, 0x1c, 0xff, 0x15, 0x17, 0x1c, 0xff, 0x15, 0x17, 0x1c, 0xff, 0x15, 0x17, 0x1c, 0xff, 0x15, 0x17, 0x1c, 0xff,
    0x15, 0x17, 0x1c, 0xff, 0x15, 0x17, 0x1c, 0xff, 0x15, 0x17, 0x1c, 0xff, 0x15, 0x17, 0x1c, 0xff, 0x15, 0x17, 0x1c, 0xff, 0x15, 0x17, 0x1c, 0xff, 0x15, 0x17, 0x1c, 0xff, 0x15, 0x17, 0x1c, 0xff,
    0x15, 0x17, 0x1c, 0xff, 0x15, 0x17, 0x1c, 0xff, 0x15, 0x17, 0x1c, 0xff, 0x15, 0x17, 0x1c, 0xff, 0x15, 0x17, 0x1c, 0xff, 0x15, 0x17, 0x1c, 0xff, 0x15, 0x17, 0x1c, 0xff, 0x15, 0x17, 0x1c, 0xff,
    0x15, 0x17, 0x1c, 0xff, 0x15, 0x17, 0x1c, 0xff, 0x15, 0x17, 0x1c, 0xff, 0x15, 0x17, 0x1c, 0xff, 0x15, 0x17, 0x1c, 0xff, 0x15, 0x17, 0x1c, 0xff, 0x15, 0x17, 0x1c, 0xff, 0x15, 0x17, 0x1c, 0xff,
    0x15, 0x17, 0x1c, 0xff, 0x15, 0x17, 0x1c, 0xff, 0x15, 0x17, 0x1c, 0xff, 0x15, 0x17, 0x1c, 0xff, 0x15, 0x17, 0x1c, 0xff, 0x15, 0x17, 0x1c, 0xff, 0x15, 0x17, 0x1c, 0xff, 0x15, 0x17, 0x1c, 0xff,
    0x15, 0x17, 0x1c, 0xff, 0x15, 0x17, 0x1c, 0xff, 0x15, 0x17, 0x1c, 0xff, 0x15, 0x17, 0x1c, 0xfb, 0x16, 0x19, 0x1e, 0xff, 0x14, 0x16, 0x1c, 0x64, 0x00, 0x00, 0x00, 0x00, 0x00, 0x00, 0x00, 0x04,
    0x00, 0x00, 0x00, 0x04, 0x00, 0x00, 0x00, 0x00, 0x16, 0x18, 0x1d, 0x72, 0x18, 0x1a, 0x1f, 0xff, 0x16, 0x18, 0x1d, 0xfb, 0x16, 0x18, 0x1d, 0xff, 0x16, 0x18, 0x1d, 0xff, 0x16, 0x18, 0x1d, 0xff,
    0x16, 0x18, 0x1d, 0xff, 0x16, 0x18, 0x1d, 0xff, 0x16, 0x18, 0x1d, 0xff, 0x16, 0x18, 0x1d, 0xff, 0x16, 0x18, 0x1d, 0xff, 0x16, 0x18, 0x1d, 0xff, 0x16, 0x18, 0x1d, 0xff, 0x16, 0x18, 0x1d, 0xff,
    0x16, 0x18, 0x1d, 0xff, 0x16, 0x18, 0x1d, 0xff, 0x16, 0x18, 0x1d, 0xff, 0x16, 0x18, 0x1d, 0xff, 0x16, 0x18, 0x1d, 0xff, 0x16, 0x18, 0x1d, 0xff, 0x16, 0x18, 0x1d, 0xff, 0x16, 0x18, 0x1d, 0xff,
    0x16, 0x18, 0x1d, 0xff, 0x16, 0x18, 0x1d, 0xff, 0x16, 0x18, 0x1d, 0xff, 0x16, 0x18, 0x1d, 0xff, 0x16, 0x18, 0x1d, 0xff, 0x16, 0x18, 0x1d, 0xff, 0x16, 0x18, 0x1d, 0xff, 0x16, 0x18, 0x1d, 0xff,
    0x16, 0x18, 0x1d, 0xff, 0x16, 0x18, 0x1d, 0xff, 0x16, 0x18, 0x1d, 0xff, 0x16, 0x18, 0x1d, 0xff, 0x16, 0x18, 0x1d, 0xff, 0x16, 0x18, 0x1d, 0xff, 0x16, 0x18, 0x1d, 0xff, 0x16, 0x18, 0x1d, 0xff,
    0x16, 0x18, 0x1d, 0xff, 0x16, 0x18, 0x1d, 0xff, 0x16, 0x18, 0x1d, 0xff, 0x16, 0x18, 0x1d, 0xff, 0x16, 0x18, 0x1d, 0xff, 0x16, 0x18, 0x1d, 0xff, 0x16, 0x18, 0x1d, 0xff, 0x16, 0x18, 0x1d, 0xff,
    0x16, 0x18, 0x1d, 0xff, 0x16, 0x18, 0x1d, 0xff, 0x16, 0x18, 0x1d, 0xff, 0x16, 0x18, 0x1d, 0xff, 0x16, 0x18, 0x1d, 0xff, 0x16, 0x18, 0x1d, 0xff, 0x16, 0x18, 0x1d, 0xff, 0x16, 0x18, 0x1d, 0xff,
    0x16, 0x18, 0x1d, 0xff, 0x16, 0x18, 0x1d, 0xff, 0x16, 0x18, 0x1d, 0xff, 0x16, 0x18, 0x1d, 0xfb, 0x18, 0x1a, 0x1f, 0xff, 0x16, 0x18, 0x1d, 0x72, 0x00, 0x00, 0x00, 0x00, 0x00, 0x00, 0x00, 0x04,
    0x00, 0x00, 0x00, 0x04, 0x00, 0x00, 0x00, 0x00, 0x16, 0x18, 0x1d, 0x72, 0x18, 0x1a, 0x1f, 0xff, 0x16, 0x18, 0x1d, 0xfb, 0x16, 0x18, 0x1d, 0xff, 0x16, 0x18, 0x1d, 0xff, 0x16, 0x18, 0x1d, 0xff,
    0x16, 0x18, 0x1d, 0xff, 0x16, 0x18, 0x1d, 0xff, 0x16, 0x18, 0x1d, 0xff, 0x16, 0x18, 0x1d, 0xff, 0x16, 0x18, 0x1d, 0xff, 0x16, 0x18, 0x1d, 0xff, 0x16, 0x18, 0x1d, 0xff, 0x16, 0x18, 0x1d, 0xff,
    0x16, 0x18, 0x1d, 0xff, 0x16, 0x18, 0x1d, 0xff, 0x16, 0x18, 0x1d, 0xff, 0x16, 0x18, 0x1d, 0xff, 0x16, 0x18, 0x1d, 0xff, 0x16, 0x18, 0x1d, 0xff, 0x16, 0x18, 0x1d, 0xff, 0x16, 0x18, 0x1d, 0xff,
    0x16, 0x18, 0x1d, 0xff, 0x16, 0x18, 0x1d, 0xff, 0x16, 0x18, 0x1d, 0xff, 0x16, 0x18, 0x1d, 0xff, 0x16, 0x18, 0x1d, 0xff, 0x16, 0x18, 0x1d, 0xff, 0x16, 0x18, 0x1d, 0xff, 0x16, 0x18, 0x1d, 0xff,
    0x16, 0x18, 0x1d, 0xff, 0x16, 0x18, 0x1d, 0xff, 0x16, 0x18, 0x1d, 0xff, 0x16, 0x18, 0x1d, 0xff, 0x16, 0x18, 0x1d, 0xff, 0x16, 0x18, 0x1d, 0xff, 0x16, 0x18, 0x1d, 0xff, 0x16, 0x18, 0x1d, 0xff,
    0x16, 0x18, 0x1d, 0xff, 0x16, 0x18, 0x1d, 0xff, 0x16, 0x18, 0x1d, 0xff, 0x16, 0x18, 0x1d, 0xff, 0x16, 0x18, 0x1d, 0xff, 0x16, 0x18, 0x1d, 0xff, 0x16, 0x18, 0x1d, 0xff, 0x16, 0x18, 0x1d, 0xff,
    0x16, 0x18, 0x1d, 0xff, 0x16, 0x18, 0x1d, 0xff, 0x16, 0x18, 0x1d, 0xff, 0x16, 0x18, 0x1d, 0xff, 0x16, 0x18, 0x1d, 0xff, 0x16, 0x18, 0x1d, 0xff, 0x16, 0x18, 0x1d, 0xff, 0x16, 0x18, 0x1d, 0xff,
    0x16, 0x18, 0x1d, 0xff, 0x16, 0x18, 0x1d, 0xff, 0x16, 0x18, 0x1d, 0xff, 0x16, 0x18, 0x1d, 0xfb, 0x18, 0x1a, 0x1f, 0xff, 0x16, 0x18, 0x1d, 0x72, 0x00, 0x00, 0x00, 0x00, 0x00, 0x00, 0x00, 0x04,
    0x00, 0x00, 0x00, 0x04, 0x00, 0x00, 0x00, 0x00, 0x16, 0x18, 0x1d, 0x72, 0x18, 0x1a, 0x1f, 0xff, 0x16, 0x18, 0x1d, 0xfb, 0x16, 0x18, 0x1d, 0xff, 0x16, 0x18, 0x1d, 0xff, 0x16, 0x18, 0x1d, 0xff,
    0x16, 0x18, 0x1d, 0xff, 0x16, 0x18, 0x1d, 0xff, 0x16, 0x18, 0x1d, 0xff, 0x16, 0x18, 0x1d, 0xff, 0x16, 0x18, 0x1d, 0xff, 0x16, 0x18, 0x1d, 0xff, 0x16, 0x18, 0x1d, 0xff, 0x16, 0x18, 0x1d, 0xff,
    0x16, 0x18, 0x1d, 0xff, 0x16, 0x18, 0x1d, 0xff, 0x16, 0x18, 0x1d, 0xff, 0x16, 0x18, 0x1d, 0xff, 0x16, 0x18, 0x1d, 0xff, 0x16, 0x18, 0x1d, 0xff, 0x16, 0x18, 0x1d, 0xff, 0x16, 0x18, 0x1d, 0xff,
    0x16, 0x18, 0x1d, 0xff, 0x16, 0x18, 0x1d, 0xff, 0x16, 0x18, 0x1d, 0xff, 0x16, 0x18, 0x1d, 0xff, 0x16, 0x18, 0x1d, 0xff, 0x16, 0x18, 0x1d, 0xff, 0x16, 0x18, 0x1d, 0xff, 0x16, 0x18, 0x1d, 0xff,
    0x16, 0x18, 0x1d, 0xff, 0x16, 0x18, 0x1d, 0xff, 0x16, 0x18, 0x1d, 0xff, 0x16, 0x18, 0x1d, 0xff, 0x16, 0x18, 0x1d, 0xff, 0x16, 0x18, 0x1d, 0xff, 0x16, 0x18, 0x1d, 0xff, 0x16, 0x18, 0x1d, 0xff,
    0x16, 0x18, 0x1d, 0xff, 0x16, 0x18, 0x1d, 0xff, 0x16, 0x18, 0x1d, 0xff, 0x16, 0x18, 0x1d, 0xff, 0x16, 0x18, 0x1d, 0xff, 0x16, 0x18, 0x1d, 0xff, 0x16, 0x18, 0x1d, 0xff, 0x16, 0x18, 0x1d, 0xff,
    0x16, 0x18, 0x1d, 0xff, 0x16, 0x18, 0x1d, 0xff, 0x16, 0x18, 0x1d, 0xff, 0x16, 0x18, 0x1d, 0xff, 0x16, 0x18, 0x1d, 0xff, 0x16, 0x18, 0x1d, 0xff, 0x16, 0x18, 0x1d, 0xff, 0x16, 0x18, 0x1d, 0xff,
    0x16, 0x18, 0x1d, 0xff, 0x16, 0x18, 0x1d, 0xff, 0x16, 0x18, 0x1d, 0xff, 0x16, 0x18, 0x1d, 0xfb, 0x18, 0x1a, 0x1f, 0xff, 0x16, 0x18, 0x1d, 0x72, 0x00, 0x00, 0x00, 0x00, 0x00, 0x00, 0x00, 0x04,
    0x00, 0x00, 0x00, 0x04, 0x00, 0x00, 0x00, 0x00, 0x16, 0x18, 0x1d, 0x72, 0x18, 0x1a, 0x1f, 0xff, 0x16, 0x18, 0x1d, 0xfb, 0x16, 0x18, 0x1d, 0xff, 0x16, 0x18, 0x1d, 0xff, 0x16, 0x18, 0x1d, 0xff,
    0x16, 0x18, 0x1d, 0xff, 0x16, 0x18, 0x1d, 0xff, 0x16, 0x18, 0x1d, 0xff, 0x16, 0x18, 0x1d, 0xff, 0x16, 0x18, 0x1d, 0xff, 0x16, 0x18, 0x1d, 0xff, 0x16, 0x18, 0x1d, 0xff, 0x16, 0x18, 0x1d, 0xff,
    0x16, 0x18, 0x1d, 0xff, 0x16, 0x18, 0x1d, 0xff, 0x16, 0x18, 0x1d, 0xff, 0x16, 0x18, 0x1d, 0xff, 0x16, 0x18, 0x1d, 0xff, 0x16, 0x18, 0x1d, 0xff, 0x16, 0x18, 0x1d, 0xff, 0x16, 0x18, 0x1d, 0xff,
    0x16, 0x18, 0x1d, 0xff, 0x16, 0x18, 0x1d, 0xff, 0x16, 0x18, 0x1d, 0xff, 0x16, 0x18, 0x1d, 0xff, 0x16, 0x18, 0x1d, 0xff, 0x16, 0x18, 0x1d, 0xff, 0x16, 0x18, 0x1d, 0xff, 0x16, 0x18, 0x1d, 0xff,
    0x16, 0x18, 0x1d, 0xff, 0x16, 0x18, 0x1d, 0xff, 0x16, 0x18, 0x1d, 0xff, 0x16, 0x18, 0x1d, 0xff, 0x16, 0x18, 0x1d, 0xff, 0x16, 0x18, 0x1d, 0xff, 0x16, 0x18, 0x1d, 0xff, 0x16, 0x18, 0x1d, 0xff,
    0x16, 0x18, 0x1d, 0xff, 0x16, 0x18, 0x1d, 0xff, 0x16, 0x18, 0x1d, 0xff, 0x16, 0x18, 0x1d, 0xff, 0x16, 0x18, 0x1d, 0xff, 0x16, 0x18, 0x1d, 0xff, 0x16, 0x18, 0x1d, 0xff, 0x16, 0x18, 0x1d, 0xff,
    0x16, 0x18, 0x1d, 0xff, 0x16, 0x18, 0x1d, 0xff, 0x16, 0x18, 0x1d, 0xff, 0x16, 0x18, 0x1d, 0xff, 0x16, 0x18, 0x1d, 0xff, 0x16, 0x18, 0x1d, 0xff, 0x16, 0x18, 0x1d, 0xff, 0x16, 0x18, 0x1d, 0xff,
    0x16, 0x18, 0x1d, 0xff, 0x16, 0x18, 0x1d, 0xff, 0x16, 0x18, 0x1d, 0xff, 0x16, 0x18, 0x1d, 0xfb, 0x18, 0x1a, 0x1f, 0xff, 0x16, 0x18, 0x1d, 0x72, 0x00, 0x00, 0x00, 0x00, 0x00, 0x00, 0x00, 0x04,
    0x00, 0x00, 0x00, 0x04, 0x00, 0x00, 0x00, 0x00, 0x16, 0x18, 0x1d, 0x72, 0x18, 0x1a, 0x1f, 0xff, 0x16, 0x18, 0x1d, 0xfb, 0x16, 0x18, 0x1d, 0xff, 0x16, 0x18, 0x1d, 0xff, 0x16, 0x18, 0x1d, 0xff,
    0x16, 0x18, 0x1d, 0xff, 0x16, 0x18, 0x1d, 0xff, 0x16, 0x18, 0x1d, 0xff, 0x16, 0x18, 0x1d, 0xff, 0x16, 0x18, 0x1d, 0xff, 0x16, 0x18, 0x1d, 0xff, 0x16, 0x18, 0x1d, 0xff, 0x16, 0x18, 0x1d, 0xff,
    0x16, 0x18, 0x1d, 0xff, 0x16, 0x18, 0x1d, 0xff, 0x16, 0x18, 0x1d, 0xff, 0x16, 0x18, 0x1d, 0xff, 0x16, 0x18, 0x1d, 0xff, 0x16, 0x18, 0x1d, 0xff, 0x16, 0x18, 0x1d, 0xff, 0x16, 0x18, 0x1d, 0xff,
    0x16, 0x18, 0x1d, 0xff, 0x16, 0x18, 0x1d, 0xff, 0x16, 0x18, 0x1d, 0xff, 0x16, 0x18, 0x1d, 0xff, 0x16, 0x18, 0x1d, 0xff, 0x16, 0x18, 0x1d, 0xff, 0x16, 0x18, 0x1d, 0xff, 0x16, 0x18, 0x1d, 0xff,
    0x16, 0x18, 0x1d, 0xff, 0x16, 0x18, 0x1d, 0xff, 0x16, 0x18, 0x1d, 0xff, 0x16, 0x18, 0x1d, 0xff, 0x16, 0x18, 0x1d, 0xff, 0x16, 0x18, 0x1d, 0xff, 0x16, 0x18, 0x1d, 0xff, 0x16, 0x18, 0x1d, 0xff,
    0x16, 0x18, 0x1d, 0xff, 0x16, 0x18, 0x1d, 0xff, 0x16, 0x18, 0x1d, 0xff, 0x16, 0x18, 0x1d, 0xff, 0x16, 0x18, 0x1d, 0xff, 0x16, 0x18, 0x1d, 0xff, 0x16, 0x18, 0x1d, 0xff, 0x16, 0x18, 0x1d, 0xff,
    0x16, 0x18, 0x1d, 0xff, 0x16, 0x18, 0x1d, 0xff, 0x16, 0x18, 0x1d, 0xff, 0x16, 0x18, 0x1d, 0xff, 0x16, 0x18, 0x1d, 0xff, 0x16, 0x18, 0x1d, 0xff, 0x16, 0x18, 0x1d, 0xff, 0x16, 0x18, 0x1d, 0xff,
    0x16, 0x18, 0x1d, 0xff, 0x16, 0x18, 0x1d, 0xff, 0x16, 0x18, 0x1d, 0xff, 0x16, 0x18, 0x1d, 0xfb, 0x18, 0x1a, 0x1f, 0xff, 0x16, 0x18, 0x1d, 0x72, 0x00, 0x00, 0x00, 0x00, 0x00, 0x00, 0x00, 0x04,
    0x00, 0x00, 0x00, 0x04, 0x00, 0x00, 0x00, 0x00, 0x16, 0x18, 0x1d, 0x72, 0x18, 0x1a, 0x1f, 0xff, 0x16, 0x18, 0x1d, 0xfb, 0x16, 0x18, 0x1d, 0xff, 0x16, 0x18, 0x1d, 0xff, 0x16, 0x18, 0x1d, 0xff,
    0x16, 0x18, 0x1d, 0xff, 0x16, 0x18, 0x1d, 0xff, 0x16, 0x18, 0x1d, 0xff, 0x16, 0x18, 0x1d, 0xff, 0x16, 0x18, 0x1d, 0xff, 0x16, 0x18, 0x1d, 0xff, 0x16, 0x18, 0x1d, 0xff, 0x16, 0x18, 0x1d, 0xff,
    0x16, 0x18, 0x1d, 0xff, 0x16, 0x18, 0x1d, 0xff, 0x16, 0x18, 0x1d, 0xff, 0x16, 0x18, 0x1d, 0xff, 0x16, 0x18, 0x1d, 0xff, 0x16, 0x18, 0x1d, 0xff, 0x16, 0x18, 0x1d, 0xff, 0x16, 0x18, 0x1d, 0xff,
    0x16, 0x18, 0x1d, 0xff, 0x16, 0x18, 0x1d, 0xff, 0x16, 0x18, 0x1d, 0xff, 0x16, 0x18, 0x1d, 0xff, 0x16, 0x18, 0x1d, 0xff, 0x16, 0x18, 0x1d, 0xff, 0x16, 0x18, 0x1d, 0xff, 0x16, 0x18, 0x1d, 0xff,
    0x16, 0x18, 0x1d, 0xff, 0x16, 0x18, 0x1d, 0xff, 0x16, 0x18, 0x1d, 0xff, 0x16, 0x18, 0x1d, 0xff, 0x16, 0x18, 0x1d, 0xff, 0x16, 0x18, 0x1d, 0xff, 0x16, 0x18, 0x1d, 0xff, 0x16, 0x18, 0x1d, 0xff,
    0x16, 0x18, 0x1d, 0xff, 0x16, 0x18, 0x1d, 0xff, 0x16, 0x18, 0x1d, 0xff, 0x16, 0x18, 0x1d, 0xff, 0x16, 0x18, 0x1d, 0xff, 0x16, 0x18, 0x1d, 0xff, 0x16, 0x18, 0x1d, 0xff, 0x16, 0x18, 0x1d, 0xff,
    0x16, 0x18, 0x1d, 0xff, 0x16, 0x18, 0x1d, 0xff, 0x16, 0x18, 0x1d, 0xff, 0x16, 0x18, 0x1d, 0xff, 0x16, 0x18, 0x1d, 0xff, 0x16, 0x18, 0x1d, 0xff, 0x16, 0x18, 0x1d, 0xff, 0x16, 0x18, 0x1d, 0xff,
    0x16, 0x18, 0x1d, 0xff, 0x16, 0x18, 0x1d, 0xff, 0x16, 0x18, 0x1d, 0xff, 0x16, 0x18, 0x1d, 0xfb, 0x18, 0x1a, 0x1f, 0xff, 0x16, 0x18, 0x1d, 0x72, 0x00, 0x00, 0x00, 0x00, 0x00, 0x00, 0x00, 0x04,
    0x00, 0x00, 0x00, 0x04, 0x00, 0x00, 0x00, 0x00, 0x16, 0x18, 0x1d, 0x72, 0x18, 0x1a, 0x1f, 0xff, 0x16, 0x18, 0x1d, 0xfb, 0x16, 0x18, 0x1d, 0xff, 0x16, 0x18, 0x1d, 0xff, 0x16, 0x18, 0x1d, 0xff,
    0x16, 0x18, 0x1d, 0xff, 0x16, 0x18, 0x1d, 0xff, 0x16, 0x18, 0x1d, 0xff, 0x16, 0x18, 0x1d, 0xff, 0x16, 0x18, 0x1d, 0xff, 0x16, 0x19, 0x1e, 0xff, 0x17, 0x1a, 0x1f, 0xff, 0x16, 0x19, 0x1e, 0xff,
    0x17, 0x1a, 0x1f, 0xff, 0x16, 0x18, 0x1d, 0xff, 0x16, 0x18, 0x1d, 0xff, 0x16, 0x18, 0x1d, 0xff, 0x16, 0x18, 0x1d, 0xff, 0x16, 0x18, 0x1d, 0xff, 0x16, 0x18, 0x1d, 0xff, 0x16, 0x18, 0x1d, 0xff,
    0x16, 0x18, 0x1d, 0xff, 0x16, 0x18, 0x1d, 0xff, 0x16, 0x18, 0x1d, 0xff, 0x16, 0x18, 0x1d, 0xff, 0x16, 0x18, 0x1d, 0xff, 0x16, 0x18, 0x1d, 0xff, 0x16, 0x18, 0x1d, 0xff, 0x16, 0x18, 0x1d, 0xff,
    0x16, 0x18, 0x1d, 0xff, 0x16, 0x18, 0x1d, 0xff, 0x16, 0x18, 0x1d, 0xff, 0x16, 0x18, 0x1d, 0xff, 0x16, 0x18, 0x1d, 0xff, 0x16, 0x18, 0x1d, 0xff, 0x16, 0x18, 0x1d, 0xff, 0x16, 0x18, 0x1d, 0xff,
    0x16, 0x18, 0x1d, 0xff, 0x16, 0x18, 0x1d, 0xff, 0x16, 0x18, 0x1d, 0xff, 0x16, 0x18, 0x1d, 0xff, 0x16, 0x18, 0x1d, 0xff, 0x16, 0x18, 0x1d, 0xff, 0x16, 0x18, 0x1d, 0xff, 0x16, 0x18, 0x1d, 0xff,
    0x16, 0x18, 0x1d, 0xff, 0x16, 0x18, 0x1d, 0xff, 0x16, 0x18, 0x1d, 0xff, 0x16, 0x18, 0x1d, 0xff, 0x16, 0x18, 0x1d, 0xff, 0x16, 0x18, 0x1d, 0xff, 0x16, 0x18, 0x1d, 0xff, 0x16, 0x18, 0x1d, 0xff,
    0x16, 0x18, 0x1d, 0xff, 0x16, 0x18, 0x1d, 0xff, 0x16, 0x18, 0x1d, 0xff, 0x16, 0x18, 0x1d, 0xfb, 0x18, 0x1a, 0x1f, 0xff, 0x16, 0x18, 0x1d, 0x72, 0x00, 0x00, 0x00, 0x00, 0x00, 0x00, 0x00, 0x04,
    0x00, 0x00, 0x00, 0x04, 0x00, 0x00, 0x00, 0x00, 0x16, 0x18, 0x1d, 0x72, 0x18, 0x1a, 0x1f, 0xff, 0x16, 0x18, 0x1d, 0xfb, 0x16, 0x18, 0x1d, 0xff, 0x16, 0x18, 0x1d, 0xff, 0x16, 0x18, 0x1d, 0xff,
    0x16, 0x18, 0x1d, 0xff, 0x16, 0x18, 0x1d, 0xff, 0x16, 0x18, 0x1d, 0xff, 0x16, 0x18, 0x1d, 0xff, 0x16, 0x19, 0x1e, 0xff, 0x15, 0x15, 0x1b, 0xff, 0x13, 0x0f, 0x16, 0xff, 0x14, 0x13, 0x19, 0xff,
    0x12, 0x0e, 0x15, 0xff, 0x16, 0x18, 0x1d, 0xff, 0x16, 0x19, 0x1e, 0xff, 0x16, 0x18, 0x1d, 0xff, 0x16, 0x18, 0x1d, 0xff, 0x16, 0x18, 0x1d, 0xff, 0x16, 0x18, 0x1d, 0xff, 0x16, 0x18, 0x1d, 0xff,
    0x16, 0x18, 0x1d, 0xff, 0x16, 0x18, 0x1d, 0xff, 0x16, 0x18, 0x1d, 0xff, 0x16, 0x18, 0x1d, 0xff, 0x16, 0x18, 0x1d, 0xff, 0x16, 0x18, 0x1d, 0xff, 0x16, 0x18, 0x1d, 0xff, 0x16, 0x18, 0x1d, 0xff,
    0x16, 0x18, 0x1d, 0xff, 0x16, 0x18, 0x1d, 0xff, 0x16, 0x18, 0x1d, 0xff, 0x16, 0x18, 0x1d, 0xff, 0x16, 0x18, 0x1d, 0xff, 0x16, 0x18, 0x1d, 0xff, 0x16, 0x18, 0x1d, 0xff, 0x16, 0x18, 0x1d, 0xff,
    0x16, 0x18, 0x1d, 0xff, 0x16, 0x18, 0x1d, 0xff, 0x16, 0x18, 0x1d, 0xff, 0x16, 0x18, 0x1d, 0xff, 0x16, 0x18, 0x1d, 0xff, 0x16, 0x18, 0x1d, 0xff, 0x16, 0x18, 0x1d, 0xff, 0x16, 0x18, 0x1d, 0xff,
    0x16, 0x18, 0x1d, 0xff, 0x16, 0x18, 0x1d, 0xff, 0x16, 0x18, 0x1d, 0xff, 0x16, 0x18, 0x1d, 0xff, 0x16, 0x18, 0x1d, 0xff, 0x16, 0x18, 0x1d, 0xff, 0x16, 0x18, 0x1d, 0xff, 0x16, 0x18, 0x1d, 0xff,
    0x16, 0x18, 0x1d, 0xff, 0x16, 0x18, 0x1d, 0xff, 0x16, 0x18, 0x1d, 0xff, 0x16, 0x18, 0x1d, 0xfb, 0x18, 0x1a, 0x1f, 0xff, 0x16, 0x18, 0x1d, 0x72, 0x00, 0x00, 0x00, 0x00, 0x00, 0x00, 0x00, 0x04,
    0x00, 0x00, 0x00, 0x04, 0x00, 0x00, 0x00, 0x00, 0x16, 0x18, 0x1d, 0x72, 0x18, 0x1a, 0x1f, 0xff, 0x16, 0x18, 0x1d, 0xfb, 0x16, 0x18, 0x1d, 0xff, 0x16, 0x18, 0x1d, 0xff, 0x16, 0x18, 0x1d, 0xff,
    0x16, 0x18, 0x1d, 0xff, 0x16, 0x18, 0x1d, 0xff, 0x16, 0x18, 0x1d, 0xff, 0x16, 0x19, 0x1e, 0xff, 0x15, 0x14, 0x1a, 0xff, 0x1a, 0x23, 0x26, 0xff, 0x39, 0x77, 0x6a, 0xff, 0x43, 0x93, 0x80, 0xff,
    0x31, 0x62, 0x59, 0xff, 0x15, 0x14, 0x1a, 0xff, 0x15, 0x16, 0x1b, 0xff, 0x17, 0x1a, 0x1f, 0xff, 0x16, 0x18, 0x1d, 0xff, 0x16, 0x18, 0x1d, 0xff, 0x16, 0x18, 0x1d, 0xff, 0x16, 0x18, 0x1d, 0xff,
    0x16, 0x18, 0x1d, 0xff, 0x16, 0x18, 0x1d, 0xff, 0x16, 0x18, 0x1d, 0xff, 0x16, 0x18, 0x1d, 0xff, 0x16, 0x18, 0x1d, 0xff, 0x16, 0x18, 0x1d, 0xff, 0x16, 0x18, 0x1d, 0xff, 0x16, 0x18, 0x1d, 0xff,
    0x16, 0x18, 0x1d, 0xff, 0x16, 0x18, 0x1d, 0xff, 0x16, 0x18, 0x1d, 0xff, 0x16, 0x18, 0x1d, 0xff, 0x16, 0x18, 0x1d, 0xff, 0x16, 0x18, 0x1d, 0xff, 0x16, 0x18, 0x1d, 0xff, 0x16, 0x18, 0x1d, 0xff,
    0x16, 0x18, 0x1d, 0xff, 0x16, 0x18, 0x1d, 0xff, 0x16, 0x18, 0x1d, 0xff, 0x16, 0x18, 0x1d, 0xff, 0x16, 0x18, 0x1d, 0xff, 0x16, 0x18, 0x1d, 0xff, 0x16, 0x18, 0x1d, 0xff, 0x16, 0x18, 0x1d, 0xff,
    0x16, 0x18, 0x1d, 0xff, 0x16, 0x18, 0x1d, 0xff, 0x16, 0x18, 0x1d, 0xff, 0x16, 0x18, 0x1d, 0xff, 0x16, 0x18, 0x1d, 0xff, 0x16, 0x18, 0x1d, 0xff, 0x16, 0x18, 0x1d, 0xff, 0x16, 0x18, 0x1d, 0xff,
    0x16, 0x18, 0x1d, 0xff, 0x16, 0x18, 0x1d, 0xff, 0x16, 0x18, 0x1d, 0xff, 0x16, 0x18, 0x1d, 0xfb, 0x18, 0x1a, 0x1f, 0xff, 0x16, 0x18, 0x1d, 0x72, 0x00, 0x00, 0x00, 0x00, 0x00, 0x00, 0x00, 0x04,
    0x00, 0x00, 0x00, 0x04, 0x00, 0x00, 0x00, 0x00, 0x16, 0x18, 0x1d, 0x72, 0x18, 0x1a, 0x1f, 0xff, 0x16, 0x18, 0x1d, 0xfb, 0x16, 0x18, 0x1d, 0xff, 0x16, 0x18, 0x1d, 0xff, 0x16, 0x18, 0x1d, 0xff,
    0x16, 0x18, 0x1d, 0xff, 0x16, 0x18, 0x1d, 0xff, 0x16, 0x18, 0x1d, 0xff, 0x16, 0x19, 0x1e, 0xff, 0x14, 0x14, 0x19, 0xff, 0x40, 0x88, 0x78, 0xff, 0x55, 0xc4, 0xa8, 0xff, 0x51, 0xb8, 0x9e, 0xff,
    0x54, 0xc0, 0xa5, 0xff, 0x3d, 0x83, 0x73, 0xff, 0x16, 0x18, 0x1d, 0xff, 0x15, 0x14, 0x1a, 0xff, 0x17, 0x1a, 0x1f, 0xff, 0x16, 0x18, 0x1d, 0xff, 0x16, 0x18, 0x1d, 0xff, 0x16, 0x18, 0x1d, 0xff,
    0x16, 0x18, 0x1d, 0xff, 0x16, 0x18, 0x1d, 0xff, 0x16, 0x18, 0x1d, 0xff, 0x16, 0x18, 0x1d, 0xff, 0x16, 0x18, 0x1d, 0xff, 0x16, 0x18, 0x1d, 0xff, 0x16, 0x18, 0x1d, 0xff, 0x16, 0x18, 0x1d, 0xff,
    0x16, 0x18, 0x1d, 0xff, 0x16, 0x18, 0x1d, 0xff, 0x16, 0x18, 0x1d, 0xff, 0x16, 0x18, 0x1d, 0xff, 0x16, 0x18, 0x1d, 0xff, 0x16, 0x18, 0x1d, 0xff, 0x16, 0x18, 0x1d, 0xff, 0x16, 0x18, 0x1d, 0xff,
    0x16, 0x18, 0x1d, 0xff, 0x16, 0x18, 0x1d, 0xff, 0x16, 0x18, 0x1d, 0xff, 0x16, 0x18, 0x1d, 0xff, 0x16, 0x18, 0x1d, 0xff, 0x16, 0x18, 0x1d, 0xff, 0x16, 0x18, 0x1d, 0xff, 0x16, 0x18, 0x1d, 0xff,
    0x16, 0x18, 0x1d, 0xff, 0x16, 0x18, 0x1d, 0xff, 0x16, 0x18, 0x1d, 0xff, 0x16, 0x18, 0x1d, 0xff, 0x16, 0x18, 0x1d, 0xff, 0x16, 0x18, 0x1d, 0xff, 0x16, 0x18, 0x1d, 0xff, 0x16, 0x18, 0x1d, 0xff,
    0x16, 0x18, 0x1d, 0xff, 0x16, 0x18, 0x1d, 0xff, 0x16, 0x18, 0x1d, 0xff, 0x16, 0x18, 0x1d, 0xfb, 0x18, 0x1a, 0x1f, 0xff, 0x16, 0x18, 0x1d, 0x72, 0x00, 0x00, 0x00, 0x00, 0x00, 0x00, 0x00, 0x04,
    0x00, 0x00, 0x00, 0x04, 0x00, 0x00, 0x00, 0x00, 0x16, 0x18, 0x1d, 0x72, 0x18, 0x1a, 0x1f, 0xff, 0x16, 0x18, 0x1d, 0xfb, 0x16, 0x18, 0x1d, 0xff, 0x16, 0x18, 0x1d, 0xff, 0x16, 0x18, 0x1d, 0xff,
    0x16, 0x18, 0x1d, 0xff, 0x16, 0x18, 0x1d, 0xff, 0x16, 0x19, 0x1e, 0xff, 0x15, 0x15, 0x1a, 0xff, 0x1b, 0x26, 0x28, 0xff, 0x4d, 0xae, 0x96, 0xff, 0x4f, 0xb2, 0x99, 0xff, 0x4f, 0xb1, 0x98, 0xff,
    0x4e, 0xb0, 0x97, 0xff, 0x53, 0xbe, 0xa3, 0xff, 0x42, 0x91, 0x7f, 0xff, 0x19, 0x20, 0x24, 0xff, 0x14, 0x11, 0x18, 0xff, 0x17, 0x1b, 0x1f, 0xff, 0x16, 0x18, 0x1d, 0xff, 0x16, 0x18, 0x1d, 0xff,
    0x16, 0x18, 0x1d, 0xff, 0x16, 0x18, 0x1d, 0xff, 0x16, 0x18, 0x1d, 0xff, 0x16, 0x18, 0x1d, 0xff, 0x16, 0x18, 0x1d, 0xff, 0x16, 0x18, 0x1d, 0xff, 0x16, 0x18, 0x1d, 0xff, 0x16, 0x18, 0x1d, 0xff,
    0x16, 0x18, 0x1d, 0xff, 0x16, 0x18, 0x1d, 0xff, 0x16, 0x18, 0x1d, 0xff, 0x16, 0x18, 0x1d, 0xff, 0x16, 0x18, 0x1d, 0xff, 0x16, 0x18, 0x1d, 0xff, 0x16, 0x18, 0x1d, 0xff, 0x16, 0x18, 0x1d, 0xff,
    0x16, 0x18, 0x1d, 0xff, 0x16, 0x18, 0x1d, 0xff, 0x16, 0x18, 0x1d, 0xff, 0x16, 0x18, 0x1d, 0xff, 0x16, 0x18, 0x1d, 0xff, 0x16, 0x18, 0x1d, 0xff, 0x16, 0x18, 0x1d, 0xff, 0x16, 0x18, 0x1d, 0xff,
    0x16, 0x18, 0x1d, 0xff, 0x16, 0x18, 0x1d, 0xff, 0x16, 0x18, 0x1d, 0xff, 0x16, 0x18, 0x1d, 0xff, 0x16, 0x18, 0x1d, 0xff, 0x16, 0x18, 0x1d, 0xff, 0x16, 0x18, 0x1d, 0xff, 0x16, 0x18, 0x1d, 0xff,
    0x16, 0x18, 0x1d, 0xff, 0x16, 0x18, 0x1d, 0xff, 0x16, 0x18, 0x1d, 0xff, 0x16, 0x18, 0x1d, 0xfb, 0x18, 0x1a, 0x1f, 0xff, 0x16, 0x18, 0x1d, 0x72, 0x00, 0x00, 0x00, 0x00, 0x00, 0x00, 0x00, 0x04,
    0x00, 0x00, 0x00, 0x04, 0x00, 0x00, 0x00, 0x00, 0x16, 0x18, 0x1d, 0x72, 0x18, 0x1a, 0x1f, 0xff, 0x16, 0x18, 0x1d, 0xfb, 0x16, 0x18, 0x1d, 0xff, 0x16, 0x18, 0x1d, 0xff, 0x16, 0x18, 0x1d, 0xff,
    0x16, 0x18, 0x1d, 0xff, 0x16, 0x18, 0x1d, 0xff, 0x16, 0x18, 0x1d, 0xff, 0x16, 0x18, 0x1d, 0xff, 0x16, 0x17, 0x1c, 0xff, 0x45, 0x98, 0x84, 0xff, 0x53, 0xbd, 0xa2, 0xff, 0x4e, 0xb0, 0x97, 0xff,
    0x4f, 0xb3, 0x9a, 0xff, 0x4e, 0xb0, 0x98, 0xff, 0x52, 0xbc, 0xa1, 0xff, 0x47, 0x9e, 0x89, 0xff, 0x1d, 0x2b, 0x2c, 0xff, 0x13, 0x0f, 0x16, 0xff, 0x17, 0x1b, 0x1f, 0xff, 0x16, 0x18, 0x1d, 0xff,
    0x16, 0x18, 0x1d, 0xff, 0x16, 0x18, 0x1d, 0xff, 0x16, 0x18, 0x1d, 0xff, 0x16, 0x18, 0x1d, 0xff, 0x16, 0x18, 0x1d, 0xff, 0x16, 0x18, 0x1d, 0xff, 0x16, 0x18, 0x1d, 0xff, 0x16, 0x18, 0x1d, 0xff,
    0x16, 0x18, 0x1d, 0xff, 0x16, 0x18, 0x1d, 0xff, 0x16, 0x18, 0x1d, 0xff, 0x16, 0x18, 0x1d, 0xff, 0x16, 0x18, 0x1d, 0xff, 0x16, 0x18, 0x1d, 0xff, 0x16, 0x18, 0x1d, 0xff, 0x16, 0x18, 0x1d, 0xff,
    0x16, 0x18, 0x1d, 0xff, 0x16, 0x18, 0x1d, 0xff, 0x16, 0x18, 0x1d, 0xff, 0x16, 0x18, 0x1d, 0xff, 0x16, 0x18, 0x1d, 0xff, 0x16, 0x18, 0x1d, 0xff, 0x16, 0x18, 0x1d, 0xff, 0x16, 0x18, 0x1d, 0xff,
    0x16, 0x18, 0x1d, 0xff, 0x16, 0x18, 0x1d, 0xff, 0x16, 0x18, 0x1d, 0xff, 0x16, 0x18, 0x1d, 0xff, 0x16, 0x18, 0x1d, 0xff, 0x16, 0x18, 0x1d, 0xff, 0x16, 0x18, 0x1d, 0xff, 0x16, 0x18, 0x1d, 0xff,
    0x16, 0x18, 0x1d, 0xff, 0x16, 0x18, 0x1d, 0xff, 0x16, 0x18, 0x1d, 0xff, 0x16, 0x18, 0x1d, 0xfb, 0x18, 0x1a, 0x1f, 0xff, 0x16, 0x18, 0x1d, 0x72, 0x00, 0x00, 0x00, 0x00, 0x00, 0x00, 0x00, 0x04,
    0x00, 0x00, 0x00, 0x04, 0x00, 0x00, 0x00, 0x00, 0x16, 0x18, 0x1d, 0x72, 0x18, 0x1a, 0x1f, 0xff, 0x16, 0x18, 0x1d, 0xfb, 0x16, 0x18, 0x1d, 0xff, 0x16, 0x18, 0x1d, 0xff, 0x16, 0x18, 0x1d, 0xff,
    0x16, 0x18, 0x1d, 0xff, 0x16, 0x18, 0x1d, 0xff, 0x16, 0x18, 0x1d, 0xff, 0x17, 0x1a, 0x1e, 0xff, 0x14, 0x12, 0x18, 0xff, 0x20, 0x34, 0x34, 0xff, 0x4b, 0xa9, 0x92, 0xff, 0x51, 0xba, 0xa0, 0xff,
    0x4e, 0xb0, 0x98, 0xff, 0x4f, 0xb3, 0x9a, 0xff, 0x4e, 0xb0, 0x98, 0xff, 0x52, 0xba, 0xa0, 0xff, 0x4b, 0xa9, 0x91, 0xff, 0x21, 0x37, 0x36, 0xff, 0x12, 0x0e, 0x15, 0xff, 0x17, 0x1b, 0x1f, 0xff,
    0x16, 0x18, 0x1d, 0xff, 0x16, 0x18, 0x1d, 0xff, 0x16, 0x18, 0x1d, 0xff, 0x16, 0x18, 0x1d, 0xff, 0x16, 0x18, 0x1d, 0xff, 0x16, 0x18, 0x1d, 0xff, 0x16, 0x18, 0x1d, 0xff, 0x16, 0x18, 0x1d, 0xff,
    0x16, 0x18, 0x1d, 0xff, 0x16, 0x18, 0x1d, 0xff, 0x16, 0x18, 0x1d, 0xff, 0x16, 0x18, 0x1d, 0xff, 0x16, 0x18, 0x1d, 0xff, 0x16, 0x18, 0x1d, 0xff, 0x16, 0x18, 0x1d, 0xff, 0x16, 0x18, 0x1d, 0xff,
    0x16, 0x18, 0x1d, 0xff, 0x16, 0x18, 0x1d, 0xff, 0x16, 0x18, 0x1d, 0xff, 0x16, 0x18, 0x1d, 0xff, 0x16, 0x18, 0x1d, 0xff, 0x16, 0x18, 0x1d, 0xff, 0x16, 0x18, 0x1d, 0xff, 0x16, 0x18, 0x1d, 0xff,
    0x16, 0x18, 0x1d, 0xff, 0x16, 0x18, 0x1d, 0xff, 0x16, 0x18, 0x1d, 0xff, 0x16, 0x18, 0x1d, 0xff, 0x16, 0x18, 0x1d, 0xff, 0x16, 0x18, 0x1d, 0xff, 0x16, 0x18, 0x1d, 0xff, 0x16, 0x18, 0x1d, 0xff,
    0x16, 0x18, 0x1d, 0xff, 0x16, 0x18, 0x1d, 0xff, 0x16, 0x18, 0x1d, 0xff, 0x16, 0x18, 0x1d, 0xfb, 0x18, 0x1a, 0x1f, 0xff, 0x16, 0x18, 0x1d, 0x72, 0x00, 0x00, 0x00, 0x00, 0x00, 0x00, 0x00, 0x04,
    0x00, 0x00, 0x00, 0x04, 0x00, 0x00, 0x00, 0x00, 0x16, 0x18, 0x1d, 0x72, 0x18, 0x1a, 0x1f, 0xff, 0x16, 0x18, 0x1d, 0xfb, 0x16, 0x18, 0x1d, 0xff, 0x16, 0x18, 0x1d, 0xff, 0x16, 0x18, 0x1d, 0xff,
    0x16, 0x18, 0x1d, 0xff, 0x16, 0x18, 0x1d, 0xff, 0x16, 0x18, 0x1d, 0xff, 0x16, 0x18, 0x1d, 0xff, 0x17, 0x1a, 0x1e, 0xff, 0x13, 0x10, 0x17, 0xff, 0x1d, 0x2b, 0x2c, 0xff, 0x48, 0x9e, 0x89, 0xff,
    0x52, 0xbc, 0xa1, 0xff, 0x4e, 0xb0, 0x98, 0xff, 0x4f, 0xb3, 0x9a, 0xff, 0x4e, 0xb1, 0x98, 0xff, 0x50, 0xb8, 0x9e, 0xff, 0x4e, 0xb1, 0x98, 0xff, 0x26, 0x45, 0x41, 0xff, 0x12, 0x0c, 0x14, 0xff,
    0x17, 0x1a, 0x1f, 0xff, 0x16, 0x18, 0x1d, 0xff, 0x16, 0x18, 0x1d, 0xff, 0x16, 0x18, 0x1d, 0xff, 0x16, 0x18, 0x1d, 0xff, 0x16, 0x18, 0x1d, 0xff, 0x16, 0x18, 0x1d, 0xff, 0x16, 0x18, 0x1d, 0xff,
    0x16, 0x18, 0x1d, 0xff, 0x16, 0x18, 0x1d, 0xff, 0x16, 0x18, 0x1d, 0xff, 0x16, 0x18, 0x1d, 0xff, 0x16, 0x18, 0x1d, 0xff, 0x16, 0x18, 0x1d, 0xff, 0x16, 0x18, 0x1d, 0xff, 0x16, 0x18, 0x1d, 0xff,
    0x16, 0x18, 0x1d, 0xff, 0x16, 0x18, 0x1d, 0xff, 0x16, 0x18, 0x1d, 0xff, 0x16, 0x18, 0x1d, 0xff, 0x16, 0x18, 0x1d, 0xff, 0x16, 0x18, 0x1d, 0xff, 0x16, 0x18, 0x1d, 0xff, 0x16, 0x18, 0x1d, 0xff,
    0x16, 0x18, 0x1d, 0xff, 0x16, 0x18, 0x1d, 0xff, 0x16, 0x18, 0x1d, 0xff, 0x16, 0x18, 0x1d, 0xff, 0x16, 0x18, 0x1d, 0xff, 0x16, 0x18, 0x1d, 0xff, 0x16, 0x18, 0x1d, 0xff, 0x16, 0x18, 0x1d, 0xff,
    0x16, 0x18, 0x1d, 0xff, 0x16, 0x18, 0x1d, 0xff, 0x16, 0x18, 0x1d, 0xff, 0x16, 0x18, 0x1d, 0xfb, 0x18, 0x1a, 0x1f, 0xff, 0x16, 0x18, 0x1d, 0x72, 0x00, 0x00, 0x00, 0x00, 0x00, 0x00, 0x00, 0x04,
    0x00, 0x00, 0x00, 0x04, 0x00, 0x00, 0x00, 0x00, 0x16, 0x18, 0x1d, 0x72, 0x18, 0x1a, 0x1f, 0xff, 0x16, 0x18, 0x1d, 0xfb, 0x16, 0x18, 0x1d, 0xff, 0x16, 0x18, 0x1d, 0xff, 0x16, 0x18, 0x1d, 0xff,
    0x16, 0x18, 0x1d, 0xff, 0x16, 0x18, 0x1d, 0xff, 0x16, 0x18, 0x1d, 0xff, 0x16, 0x18, 0x1d, 0xff, 0x16, 0x18, 0x1d, 0xff, 0x17, 0x1b, 0x1f, 0xff, 0x14, 0x11, 0x18, 0xff, 0x19, 0x21, 0x24, 0xff,
    0x43, 0x92, 0x7f, 0xff, 0x53, 0xbe, 0xa3, 0xff, 0x4e, 0xb0, 0x97, 0xff, 0x4f, 0xb3, 0x9a, 0xff, 0x4e, 0xb1, 0x98, 0xff, 0x50, 0xb5, 0x9c, 0xff, 0x51, 0xb8, 0x9e, 0xff, 0x2c, 0x54, 0x4d, 0xff,
    0x12, 0x0d, 0x14, 0xff, 0x17, 0x1a, 0x1e, 0xff, 0x16, 0x19, 0x1e, 0xff, 0x16, 0x18, 0x1d, 0xff, 0x16, 0x18, 0x1d, 0xff, 0x16, 0x18, 0x1d, 0xff, 0x16, 0x18, 0x1d, 0xff, 0x16, 0x18, 0x1d, 0xff,
    0x16, 0x18, 0x1d, 0xff, 0x16, 0x18, 0x1d, 0xff, 0x16, 0x18, 0x1d, 0xff, 0x16, 0x18, 0x1d, 0xff, 0x16, 0x18, 0x1d, 0xff, 0x16, 0x18, 0x1d, 0xff, 0x16, 0x18, 0x1d, 0xff, 0x16, 0x18, 0x1d, 0xff,
    0x16, 0x18, 0x1d, 0xff, 0x16, 0x18, 0x1d, 0xff, 0x16, 0x18, 0x1d, 0xff, 0x16, 0x18, 0x1d, 0xff, 0x16, 0x18, 0x1d, 0xff, 0x16, 0x18, 0x1d, 0xff, 0x16, 0x18, 0x1d, 0xff, 0x16, 0x18, 0x1d, 0xff,
    0x16, 0x18, 0x1d, 0xff, 0x16, 0x18, 0x1d, 0xff, 0x16, 0x18, 0x1d, 0xff, 0x16, 0x18, 0x1d, 0xff, 0x16, 0x18, 0x1d, 0xff, 0x16, 0x18, 0x1d, 0xff, 0x16, 0x18, 0x1d, 0xff, 0x16, 0x18, 0x1d, 0xff,
    0x16, 0x18, 0x1d, 0xff, 0x16, 0x18, 0x1d, 0xff, 0x16, 0x18, 0x1d, 0xff, 0x16, 0x18, 0x1d, 0xfb, 0x18, 0x1a, 0x1f, 0xff, 0x16, 0x18, 0x1d, 0x72, 0x00, 0x00, 0x00, 0x00, 0x00, 0x00, 0x00, 0x04,
    0x00, 0x00, 0x00, 0x04, 0x00, 0x00, 0x00, 0x00, 0x16, 0x18, 0x1d, 0x72, 0x18, 0x1a, 0x1f, 0xff, 0x16, 0x18, 0x1d, 0xfb, 0x16, 0x18, 0x1d, 0xff, 0x16, 0x18, 0x1d, 0xff, 0x16, 0x18, 0x1d, 0xff,
    0x16, 0x18, 0x1d, 0xff, 0x16, 0x18, 0x1d, 0xff, 0x16, 0x18, 0x1d, 0xff, 0x16, 0x18, 0x1d, 0xff, 0x16, 0x18, 0x1d, 0xff, 0x16, 0x18, 0x1d, 0xff, 0x17, 0x1a, 0x1f, 0xff, 0x15, 0x14, 0x1a, 0xff,
    0x16, 0x18, 0x1e, 0xff, 0x3e, 0x84, 0x74, 0xff, 0x53, 0xbf, 0xa3, 0xff, 0x4e, 0xb1, 0x98, 0xff, 0x4f, 0xb3, 0x9a, 0xff, 0x4e, 0xb2, 0x99, 0xff, 0x4f, 0xb3, 0x9a, 0xff, 0x52, 0xbc, 0xa1, 0xff,
    0x32, 0x63, 0x5a, 0xff, 0x12, 0x0f, 0x16, 0xff, 0x16, 0x18, 0x1d, 0xff, 0x16, 0x19, 0x1e, 0xff, 0x16, 0x18, 0x1d, 0xff, 0x16, 0x18, 0x1d, 0xff, 0x16, 0x18, 0x1d, 0xff, 0x16, 0x18, 0x1d, 0xff,
    0x16, 0x18, 0x1d, 0xff, 0x16, 0x18, 0x1d, 0xff, 0x16, 0x18, 0x1d, 0xff, 0x16, 0x18, 0x1d, 0xff, 0x16, 0x18, 0x1d, 0xff, 0x16, 0x18, 0x1d, 0xff, 0x16, 0x18, 0x1d, 0xff, 0x16, 0x18, 0x1d, 0xff,
    0x16, 0x18, 0x1d, 0xff, 0x16, 0x18, 0x1d, 0xff, 0x16, 0x18, 0x1d, 0xff, 0x16, 0x18, 0x1d, 0xff, 0x16, 0x18, 0x1d, 0xff, 0x16, 0x18, 0x1d, 0xff, 0x16, 0x18, 0x1d, 0xff, 0x16, 0x18, 0x1d, 0xff,
    0x16, 0x18, 0x1d, 0xff, 0x16, 0x18, 0x1d, 0xff, 0x16, 0x18, 0x1d, 0xff, 0x16, 0x18, 0x1d, 0xff, 0x16, 0x18, 0x1d, 0xff, 0x16, 0x18, 0x1d, 0xff, 0x16, 0x18, 0x1d, 0xff, 0x16, 0x18, 0x1d, 0xff,
    0x16, 0x18, 0x1d, 0xff, 0x16, 0x18, 0x1d, 0xff, 0x16, 0x18, 0x1d, 0xff, 0x16, 0x18, 0x1d, 0xfb, 0x18, 0x1a, 0x1f, 0xff, 0x16, 0x18, 0x1d, 0x72, 0x00, 0x00, 0x00, 0x00, 0x00, 0x00, 0x00, 0x04,
    0x00, 0x00, 0x00, 0x04, 0x00, 0x00, 0x00, 0x00, 0x16, 0x18, 0x1d, 0x72, 0x18, 0x1a, 0x1f, 0xff, 0x16, 0x18, 0x1d, 0xfb, 0x16, 0x18, 0x1d, 0xff, 0x16, 0x18, 0x1d, 0xff, 0x16, 0x18, 0x1d, 0xff,
    0x16, 0x18, 0x1d, 0xff, 0x16, 0x18, 0x1d, 0xff, 0x16, 0x18, 0x1d, 0xff, 0x16, 0x18, 0x1d, 0xff, 0x16, 0x18, 0x1d, 0xff, 0x16, 0x18, 0x1d, 0xff, 0x16, 0x18, 0x1d, 0xff, 0x17, 0x1a, 0x1f, 0xff,
    0x15, 0x16, 0x1b, 0xff, 0x14, 0x12, 0x18, 0xff, 0x38, 0x74, 0x67, 0xff, 0x53, 0xbe, 0xa3, 0xff, 0x4f, 0xb2, 0x99, 0xff, 0x4f, 0xb2, 0x99, 0xff, 0x4f, 0xb2, 0x99, 0xff, 0x4f, 0xb2, 0x99, 0xff,
    0x53, 0xbe, 0xa3, 0xff, 0x38, 0x74, 0x67, 0xff, 0x14, 0x12, 0x18, 0xff, 0x15, 0x16, 0x1b, 0xff, 0x17, 0x1a, 0x1f, 0xff, 0x16, 0x18, 0x1d, 0xff, 0x16, 0x18, 0x1d, 0xff, 0x16, 0x18, 0x1d, 0xff,
    0x16, 0x18, 0x1d, 0xff, 0x16, 0x18, 0x1d, 0xff, 0x16, 0x18, 0x1d, 0xff, 0x16, 0x18, 0x1d, 0xff, 0x16, 0x18, 0x1d, 0xff, 0x16, 0x18, 0x1d, 0xff, 0x16, 0x18, 0x1d, 0xff, 0x16, 0x18, 0x1d, 0xff,
    0x16, 0x18, 0x1d, 0xff, 0x16, 0x18, 0x1d, 0xff, 0x16, 0x18, 0x1d, 0xff, 0x16, 0x18, 0x1d, 0xff, 0x16, 0x18, 0x1d, 0xff, 0x16, 0x18, 0x1d, 0xff, 0x16, 0x18, 0x1d, 0xff, 0x16, 0x18, 0x1d, 0xff,
    0x16, 0x18, 0x1d, 0xff, 0x16, 0x18, 0x1d, 0xff, 0x16, 0x18, 0x1d, 0xff, 0x16, 0x18, 0x1d, 0xff, 0x16, 0x18, 0x1d, 0xff, 0x16, 0x18, 0x1d, 0xff, 0x16, 0x18, 0x1d, 0xff, 0x16, 0x18, 0x1d, 0xff,
    0x16, 0x18, 0x1d, 0xff, 0x16, 0x18, 0x1d, 0xff, 0x16, 0x18, 0x1d, 0xff, 0x16, 0x18, 0x1d, 0xfb, 0x18, 0x1a, 0x1f, 0xff, 0x16, 0x18, 0x1d, 0x72, 0x00, 0x00, 0x00, 0x00, 0x00, 0x00, 0x00, 0x04,
    0x00, 0x00, 0x00, 0x04, 0x00, 0x00, 0x00, 0x00, 0x16, 0x18, 0x1d, 0x72, 0x18, 0x1a, 0x1f, 0xff, 0x16, 0x18, 0x1d, 0xfb, 0x16, 0x18, 0x1d, 0xff, 0x16, 0x18, 0x1d, 0xff, 0x16, 0x18, 0x1d, 0xff,
    0x16, 0x18, 0x1d, 0xff, 0x16, 0x18, 0x1d, 0xff, 0x16, 0x18, 0x1d, 0xff, 0x16, 0x18, 0x1d, 0xff, 0x16, 0x18, 0x1d, 0xff, 0x16, 0x18, 0x1d, 0xff, 0x16, 0x18, 0x1d, 0xff, 0x16, 0x18, 0x1d, 0xff,
    0x16, 0x19, 0x1e, 0xff, 0x16, 0x18, 0x1d, 0xff, 0x12, 0x0f, 0x16, 0xff, 0x32, 0x64, 0x5a, 0xff, 0x52, 0xbc, 0xa1, 0xff, 0x4f, 0xb3, 0x9a, 0xff, 0x4f, 0xb2, 0x99, 0xff, 0x4f, 0xb3, 0x9a, 0xff,
    0x4e, 0xb1, 0x98, 0xff, 0x53, 0xbe, 0xa3, 0xff, 0x3d, 0x83, 0x73, 0xff, 0x16, 0x18, 0x1d, 0xff, 0x15, 0x14, 0x1a, 0xff, 0x17, 0x19, 0x1e, 0xff, 0x16, 0x18, 0x1d, 0xff, 0x16, 0x18, 0x1d, 0xff,
    0x16, 0x18, 0x1d, 0xff, 0x16, 0x18, 0x1d, 0xff, 0x16, 0x18, 0x1d, 0xff, 0x16, 0x18, 0x1d, 0xff, 0x16, 0x18, 0x1d, 0xff, 0x16, 0x18, 0x1d, 0xff, 0x16, 0x18, 0x1d, 0xff, 0x16, 0x18, 0x1d, 0xff,
    0x16, 0x18, 0x1d, 0xff, 0x16, 0x18, 0x1d, 0xff, 0x16, 0x18, 0x1d, 0xff, 0x16, 0x18, 0x1d, 0xff, 0x16, 0x18, 0x1d, 0xff, 0x16, 0x18, 0x1d, 0xff, 0x16, 0x18, 0x1d, 0xff, 0x16, 0x18, 0x1d, 0xff,
    0x16, 0x18, 0x1d, 0xff, 0x16, 0x18, 0x1d, 0xff, 0x16, 0x18, 0x1d, 0xff, 0x16, 0x18, 0x1d, 0xff, 0x16, 0x18, 0x1d, 0xff, 0x16, 0x18, 0x1d, 0xff, 0x16, 0x18, 0x1d, 0xff, 0x16, 0x18, 0x1d, 0xff,
    0x16, 0x18, 0x1d, 0xff, 0x16, 0x18, 0x1d, 0xff, 0x16, 0x18, 0x1d, 0xff, 0x16, 0x18, 0x1d, 0xfb, 0x18, 0x1a, 0x1f, 0xff, 0x16, 0x18, 0x1d, 0x72, 0x00, 0x00, 0x00, 0x00, 0x00, 0x00, 0x00, 0x04,
    0x00, 0x00, 0x00, 0x04, 0x00, 0x00, 0x00, 0x00, 0x16, 0x18, 0x1d, 0x72, 0x18, 0x1a, 0x1f, 0xff, 0x16, 0x18, 0x1d, 0xfb, 0x16, 0x18, 0x1d, 0xff, 0x16, 0x18, 0x1d, 0xff, 0x16, 0x18, 0x1d, 0xff,
    0x16, 0x18, 0x1d, 0xff, 0x16, 0x18, 0x1d, 0xff, 0x16, 0x18, 0x1d, 0xff, 0x16, 0x18, 0x1d, 0xff, 0x16, 0x18, 0x1d, 0xff, 0x16, 0x18, 0x1d, 0xff, 0x16, 0x18, 0x1d, 0xff, 0x16, 0x18, 0x1d, 0xff,
    0x16, 0x18, 0x1d, 0xff, 0x16, 0x19, 0x1e, 0xff, 0x17, 0x1a, 0x1e, 0xff, 0x12, 0x0d, 0x14, 0xff, 0x2c, 0x55, 0x4e, 0xff, 0x51, 0xb8, 0x9e, 0xff, 0x50, 0xb5, 0x9c, 0xff, 0x4f, 0xb2, 0x99, 0xff,
    0x4f, 0xb3, 0x9a, 0xff, 0x4e, 0xb0, 0x97, 0xff, 0x53, 0xbe, 0xa3, 0xff, 0x43, 0x91, 0x7f, 0xff, 0x19, 0x21, 0x24, 0xff, 0x15, 0x14, 0x1a, 0xff, 0x16, 0x19, 0x1e, 0xff, 0x16, 0x18, 0x1d, 0xff,
    0x16, 0x18, 0x1d, 0xff, 0x16, 0x18, 0x1d, 0xff, 0x16, 0x18, 0x1d, 0xff, 0x16, 0x18, 0x1d, 0xff, 0x16, 0x18, 0x1d, 0xff, 0x16, 0x18, 0x1d, 0xff, 0x16, 0x18, 0x1d, 0xff, 0x16, 0x18, 0x1d, 0xff,
    0x16, 0x18, 0x1d, 0xff, 0x16, 0x18, 0x1d, 0xff, 0x16, 0x18, 0x1d, 0xff, 0x16, 0x18, 0x1d, 0xff, 0x16, 0x18, 0x1d, 0xff, 0x16, 0x18, 0x1d, 0xff, 0x16, 0x18, 0x1d, 0xff, 0x16, 0x18, 0x1d, 0xff,
    0x16, 0x18, 0x1d, 0xff, 0x16, 0x18, 0x1d, 0xff, 0x16, 0x18, 0x1d, 0xff, 0x16, 0x18, 0x1d, 0xff, 0x16, 0x18, 0x1d, 0xff, 0x16, 0x18, 0x1d, 0xff, 0x16, 0x18, 0x1d, 0xff, 0x16, 0x18, 0x1d, 0xff,
    0x16, 0x18, 0x1d, 0xff, 0x16, 0x18, 0x1d, 0xff, 0x16, 0x18, 0x1d, 0xff, 0x16, 0x18, 0x1d, 0xfb, 0x18, 0x1a, 0x1f, 0xff, 0x16, 0x18, 0x1d, 0x72, 0x00, 0x00, 0x00, 0x00, 0x00, 0x00, 0x00, 0x04,
    0x00, 0x00, 0x00, 0x04, 0x00, 0x00, 0x00, 0x00, 0x16, 0x18, 0x1d, 0x72, 0x18, 0x1a, 0x1f, 0xff, 0x16, 0x18, 0x1d, 0xfb, 0x16, 0x18, 0x1d, 0xff, 0x16, 0x18, 0x1d, 0xff, 0x16, 0x18, 0x1d, 0xff,
    0x16, 0x18, 0x1d, 0xff, 0x16, 0x18, 0x1d, 0xff, 0x16, 0x18, 0x1d, 0xff, 0x16, 0x18, 0x1d, 0xff, 0x16, 0x18, 0x1d, 0xff, 0x16, 0x18, 0x1d, 0xff, 0x16, 0x18, 0x1d, 0xff, 0x16, 0x18, 0x1d, 0xff,
    0x16, 0x18, 0x1d, 0xff, 0x16, 0x18, 0x1d, 0xff, 0x16, 0x18, 0x1d, 0xff, 0x17, 0x1a, 0x1f, 0xff, 0x12, 0x0c, 0x14, 0xff, 0x27, 0x46, 0x42, 0xff, 0x4f, 0xb2, 0x99, 0xff, 0x50, 0xb7, 0x9d, 0xff,
    0x4f, 0xb2, 0x99, 0xff, 0x4f, 0xb3, 0x9a, 0xff, 0x4e, 0xb0, 0x97, 0xff, 0x53, 0xbf, 0xa3, 0xff, 0x43, 0x92, 0x80, 0xff, 0x16, 0x19, 0x1e, 0xff, 0x16, 0x17, 0x1d, 0xff, 0x16, 0x18, 0x1d, 0xff,
    0x16, 0x18, 0x1d, 0xff, 0x16, 0x18, 0x1d, 0xff, 0x16, 0x18, 0x1d, 0xff, 0x16, 0x18, 0x1d, 0xff, 0x16, 0x18, 0x1d, 0xff, 0x16, 0x18, 0x1d, 0xff, 0x16, 0x18, 0x1d, 0xff, 0x16, 0x18, 0x1d, 0xff,
    0x16, 0x18, 0x1d, 0xff, 0x16, 0x18, 0x1d, 0xff, 0x16, 0x18, 0x1d, 0xff, 0x16, 0x18, 0x1d, 0xff, 0x16, 0x18, 0x1d, 0xff, 0x16, 0x18, 0x1d, 0xff, 0x16, 0x18, 0x1d, 0xff, 0x16, 0x18, 0x1d, 0xff,
    0x16, 0x18, 0x1d, 0xff, 0x16, 0x18, 0x1d, 0xff, 0x16, 0x18, 0x1d, 0xff, 0x16, 0x18, 0x1d, 0xff, 0x16, 0x18, 0x1d, 0xff, 0x16, 0x18, 0x1d, 0xff, 0x16, 0x18, 0x1d, 0xff, 0x16, 0x18, 0x1d, 0xff,
    0x16, 0x18, 0x1d, 0xff, 0x16, 0x18, 0x1d, 0xff, 0x16, 0x18, 0x1d, 0xff, 0x16, 0x18, 0x1d, 0xfb, 0x18, 0x1a, 0x1f, 0xff, 0x16, 0x18, 0x1d, 0x72, 0x00, 0x00, 0x00, 0x00, 0x00, 0x00, 0x00, 0x04,
    0x00, 0x00, 0x00, 0x04, 0x00, 0x00, 0x00, 0x00, 0x16, 0x18, 0x1d, 0x72, 0x18, 0x1a, 0x1f, 0xff, 0x16, 0x18, 0x1d, 0xfb, 0x16, 0x18, 0x1d, 0xff, 0x16, 0x18, 0x1d, 0xff, 0x16, 0x18, 0x1d, 0xff,
    0x16, 0x18, 0x1d, 0xff, 0x16, 0x18, 0x1d, 0xff, 0x16, 0x18, 0x1d, 0xff, 0x16, 0x18, 0x1d, 0xff, 0x16, 0x18, 0x1d, 0xff, 0x16, 0x18, 0x1d, 0xff, 0x16, 0x18, 0x1d, 0xff, 0x16, 0x18, 0x1d, 0xff,
    0x16, 0x18, 0x1d, 0xff, 0x16, 0x18, 0x1d, 0xff, 0x16, 0x18, 0x1d, 0xff, 0x16, 0x18, 0x1d, 0xff, 0x17, 0x1c, 0x20, 0xff, 0x12, 0x0d, 0x14, 0xff, 0x20, 0x34, 0x33, 0xff, 0x4d, 0xad, 0x95, 0xff,
    0x50, 0xb4, 0x9b, 0xff, 0x4f, 0xb2, 0x9a, 0xff, 0x4f, 0xb3, 0x9a, 0xff, 0x4e, 0xb0, 0x97, 0xff, 0x52, 0xbb, 0xa1, 0xff, 0x25, 0x40, 0x3d, 0xff, 0x13, 0x10, 0x16, 0xff, 0x17, 0x1a, 0x1e, 0xff,
    0x16, 0x18, 0x1d, 0xff, 0x16, 0x18, 0x1d, 0xff, 0x16, 0x18, 0x1d, 0xff, 0x16, 0x18, 0x1d, 0xff, 0x16, 0x18, 0x1d, 0xff, 0x16, 0x18, 0x1d, 0xff, 0x16, 0x18, 0x1d, 0xff, 0x16, 0x18, 0x1d, 0xff,
    0x16, 0x18, 0x1d, 0xff, 0x16, 0x18, 0x1d, 0xff, 0x16, 0x18, 0x1d, 0xff, 0x16, 0x18, 0x1d, 0xff, 0x16, 0x18, 0x1d, 0xff, 0x16, 0x18, 0x1d, 0xff, 0x16, 0x18, 0x1d, 0xff, 0x16, 0x18, 0x1d, 0xff,
    0x16, 0x18, 0x1d, 0xff, 0x16, 0x18, 0x1d, 0xff, 0x16, 0x18, 0x1d, 0xff, 0x16, 0x18, 0x1d, 0xff, 0x16, 0x18, 0x1d, 0xff, 0x16, 0x18, 0x1d, 0xff, 0x16, 0x18, 0x1d, 0xff, 0x16, 0x18, 0x1d, 0xff,
    0x16, 0x18, 0x1d, 0xff, 0x16, 0x18, 0x1d, 0xff, 0x16, 0x18, 0x1d, 0xff, 0x16, 0x18, 0x1d, 0xfb, 0x18, 0x1a, 0x1f, 0xff, 0x16, 0x18, 0x1d, 0x72, 0x00, 0x00, 0x00, 0x00, 0x00, 0x00, 0x00, 0x04,
    0x00, 0x00, 0x00, 0x04, 0x00, 0x00, 0x00, 0x00, 0x16, 0x18, 0x1d, 0x72, 0x18, 0x1a, 0x1f, 0xff, 0x16, 0x18, 0x1d, 0xfb, 0x16, 0x18, 0x1d, 0xff, 0x16, 0x18, 0x1d, 0xff, 0x16, 0x18, 0x1d, 0xff,
    0x16, 0x18, 0x1d, 0xff, 0x16, 0x18, 0x1d, 0xff, 0x16, 0x18, 0x1d, 0xff, 0x16, 0x18, 0x1d, 0xff, 0x16, 0x18, 0x1d, 0xff, 0x16, 0x18, 0x1d, 0xff, 0x16, 0x18, 0x1d, 0xff, 0x16, 0x18, 0x1d, 0xff,
    0x16, 0x18, 0x1d, 0xff, 0x16, 0x18, 0x1d, 0xff, 0x16, 0x18, 0x1d, 0xff, 0x16, 0x19, 0x1e, 0xff, 0x16, 0x18, 0x1d, 0xff, 0x13, 0x10, 0x17, 0xff, 0x30, 0x5e, 0x55, 0xff, 0x4f, 0xb2, 0x99, 0xff,
    0x4f, 0xb3, 0x9a, 0xff, 0x4f, 0xb3, 0x9a, 0xff, 0x4f, 0xb2, 0x9a, 0xff, 0x4f, 0xb2, 0x99, 0xff, 0x51, 0xb8, 0x9e, 0xff, 0x21, 0x35, 0x35, 0xff, 0x14, 0x11, 0x18, 0xff, 0x17, 0x19, 0x1e, 0xff,
    0x16, 0x18, 0x1d, 0xff, 0x16, 0x18, 0x1d, 0xff, 0x16, 0x18, 0x1d, 0xff, 0x16, 0x18, 0x1d, 0xff, 0x16, 0x18, 0x1d, 0xff, 0x16, 0x18, 0x1d, 0xff, 0x16, 0x18, 0x1d, 0xff, 0x16, 0x18, 0x1d, 0xff,
    0x16, 0x18, 0x1d, 0xff, 0x16, 0x18, 0x1d, 0xff, 0x16, 0x18, 0x1d, 0xff, 0x16, 0x18, 0x1d, 0xff, 0x16, 0x18, 0x1d, 0xff, 0x16, 0x18, 0x1d, 0xff, 0x16, 0x18, 0x1d, 0xff, 0x16, 0x18, 0x1d, 0xff,
    0x16, 0x18, 0x1d, 0xff, 0x16, 0x18, 0x1d, 0xff, 0x16, 0x18, 0x1d, 0xff, 0x16, 0x18, 0x1d, 0xff, 0x16, 0x18, 0x1d, 0xff, 0x16, 0x18, 0x1d, 0xff, 0x16, 0x18, 0x1d, 0xff, 0x16, 0x18, 0x1d, 0xff,
    0x16, 0x18, 0x1d, 0xff, 0x16, 0x18, 0x1d, 0xff, 0x16, 0x18, 0x1d, 0xff, 0x16, 0x18, 0x1d, 0xfb, 0x18, 0x1a, 0x1f, 0xff, 0x16, 0x18, 0x1d, 0x72, 0x00, 0x00, 0x00, 0x00, 0x00, 0x00, 0x00, 0x04,
    0x00, 0x00, 0x00, 0x04, 0x00, 0x00, 0x00, 0x00, 0x16, 0x18, 0x1d, 0x72, 0x18, 0x1a, 0x1f, 0xff, 0x16, 0x18, 0x1d, 0xfb, 0x16, 0x18, 0x1d, 0xff, 0x16, 0x18, 0x1d, 0xff, 0x16, 0x18, 0x1d, 0xff,
    0x16, 0x18, 0x1d, 0xff, 0x16, 0x18, 0x1d, 0xff, 0x16, 0x18, 0x1d, 0xff, 0x16, 0x18, 0x1d, 0xff, 0x16, 0x18, 0x1d, 0xff, 0x16, 0x18, 0x1d, 0xff, 0x16, 0x18, 0x1d, 0xff, 0x16, 0x18, 0x1d, 0xff,
    0x16, 0x18, 0x1d, 0xff, 0x16, 0x18, 0x1d, 0xff, 0x17, 0x1a, 0x1f, 0xff, 0x15, 0x16, 0x1c, 0xff, 0x14, 0x12, 0x18, 0xff, 0x37, 0x72, 0x66, 0xff, 0x54, 0xbf, 0xa4, 0xff, 0x4f, 0xb4, 0x9b, 0xff,
    0x4f, 0xb3, 0x9a, 0xff, 0x4f, 0xb2, 0x99, 0xff, 0x4f, 0xb2, 0x99, 0xff, 0x54, 0xc0, 0xa4, 0xff, 0x36, 0x6e, 0x62, 0xff, 0x13, 0x12, 0x18, 0xff, 0x17, 0x19, 0x1e, 0xff, 0x16, 0x18, 0x1d, 0xff,
    0x16, 0x18, 0x1d, 0xff, 0x16, 0x18, 0x1d, 0xff, 0x16, 0x18, 0x1d, 0xff, 0x16, 0x18, 0x1d, 0xff, 0x16, 0x18, 0x1d, 0xff, 0x16, 0x18, 0x1d, 0xff, 0x16, 0x18, 0x1d, 0xff, 0x16, 0x18, 0x1d, 0xff,
    0x16, 0x18, 0x1d, 0xff, 0x16, 0x18, 0x1d, 0xff, 0x16, 0x18, 0x1d, 0xff, 0x16, 0x18, 0x1d, 0xff, 0x16, 0x18, 0x1d, 0xff, 0x16, 0x18, 0x1d, 0xff, 0x16, 0x18, 0x1d, 0xff, 0x16, 0x18, 0x1d, 0xff,
    0x16, 0x18, 0x1d, 0xff, 0x16, 0x18, 0x1d, 0xff, 0x16, 0x18, 0x1d, 0xff, 0x16, 0x18, 0x1d, 0xff, 0x16, 0x18, 0x1d, 0xff, 0x16, 0x18, 0x1d, 0xff, 0x16, 0x18, 0x1d, 0xff, 0x16, 0x18, 0x1d, 0xff,
    0x16, 0x18, 0x1d, 0xff, 0x16, 0x18, 0x1d, 0xff, 0x16, 0x18, 0x1d, 0xff, 0x16, 0x18, 0x1d, 0xfb, 0x18, 0x1a, 0x1f, 0xff, 0x16, 0x18, 0x1d, 0x72, 0x00, 0x00, 0x00, 0x00, 0x00, 0x00, 0x00, 0x04,
    0x00, 0x00, 0x00, 0x04, 0x00, 0x00, 0x00, 0x00, 0x16, 0x18, 0x1d, 0x72, 0x18, 0x1a, 0x1f, 0xff, 0x16, 0x18, 0x1d, 0xfb, 0x16, 0x18, 0x1d, 0xff, 0x16, 0x18, 0x1d, 0xff, 0x16, 0x18, 0x1d, 0xff,
    0x16, 0x18, 0x1d, 0xff, 0x16, 0x18, 0x1d, 0xff, 0x16, 0x18, 0x1d, 0xff, 0x16, 0x18, 0x1d, 0xff, 0x16, 0x18, 0x1d, 0xff, 0x16, 0x18, 0x1d, 0xff, 0x16, 0x18, 0x1d, 0xff, 0x16, 0x18, 0x1d, 0xff,
    0x16, 0x18, 0x1d, 0xff, 0x17, 0x1a, 0x1f, 0xff, 0x15, 0x14, 0x1a, 0xff, 0x16, 0x18, 0x1d, 0xff, 0x3d, 0x82, 0x72, 0xff, 0x53, 0xbe, 0xa3, 0xff, 0x4e, 0xb1, 0x98, 0xff, 0x4f, 0xb3, 0x9a, 0xff,
    0x4f, 0xb2, 0x99, 0xff, 0x4f, 0xb3, 0x9a, 0xff, 0x52, 0xbc, 0xa2, 0xff, 0x32, 0x65, 0x5b, 0xff, 0x13, 0x10, 0x17, 0xff, 0x16, 0x18, 0x1d, 0xff, 0x16, 0x18, 0x1d, 0xff, 0x16, 0x18, 0x1d, 0xff,
    0x16, 0x18, 0x1d, 0xff, 0x16, 0x18, 0x1d, 0xff, 0x16, 0x18, 0x1d, 0xff, 0x16, 0x18, 0x1d, 0xff, 0x16, 0x18, 0x1d, 0xff, 0x16, 0x18, 0x1d, 0xff, 0x16, 0x18, 0x1d, 0xff, 0x16, 0x18, 0x1d, 0xff,
    0x16, 0x18, 0x1d, 0xff, 0x16, 0x18, 0x1d, 0xff, 0x16, 0x18, 0x1d, 0xff, 0x16, 0x18, 0x1d, 0xff, 0x16, 0x18, 0x1d, 0xff, 0x16, 0x18, 0x1d, 0xff, 0x16, 0x18, 0x1d, 0xff, 0x16, 0x18, 0x1d, 0xff,
    0x16, 0x18, 0x1d, 0xff, 0x16, 0x18, 0x1d, 0xff, 0x16, 0x18, 0x1d, 0xff, 0x16, 0x18, 0x1d, 0xff, 0x16, 0x18, 0x1d, 0xff, 0x16, 0x18, 0x1d, 0xff, 0x16, 0x18, 0x1d, 0xff, 0x16, 0x18, 0x1d, 0xff,
    0x16, 0x18, 0x1d, 0xff, 0x16, 0x18, 0x1d, 0xff, 0x16, 0x18, 0x1d, 0xff, 0x16, 0x18, 0x1d, 0xfb, 0x18, 0x1a, 0x1f, 0xff, 0x16, 0x18, 0x1d, 0x72, 0x00, 0x00, 0x00, 0x00, 0x00, 0x00, 0x00, 0x04,
    0x00, 0x00, 0x00, 0x04, 0x00, 0x00, 0x00, 0x00, 0x16, 0x18, 0x1d, 0x72, 0x18, 0x1a, 0x1f, 0xff, 0x16, 0x18, 0x1d, 0xfb, 0x16, 0x18, 0x1d, 0xff, 0x16, 0x18, 0x1d, 0xff, 0x16, 0x18, 0x1d, 0xff,
    0x16, 0x18, 0x1d, 0xff, 0x16, 0x18, 0x1d, 0xff, 0x16, 0x18, 0x1d, 0xff, 0x16, 0x18, 0x1d, 0xff, 0x16, 0x18, 0x1d, 0xff, 0x16, 0x18, 0x1d, 0xff, 0x16, 0x18, 0x1d, 0xff, 0x16, 0x18, 0x1d, 0xff,
    0x17, 0x1b, 0x1f, 0xff, 0x14, 0x11, 0x18, 0xff, 0x19, 0x20, 0x23, 0xff, 0x42, 0x90, 0x7e, 0xff, 0x53, 0xbe, 0xa3, 0xff, 0x4e, 0xb0, 0x97, 0xff, 0x4f, 0xb3, 0x9a, 0xff, 0x4e, 0xb1, 0x98, 0xff,
    0x50, 0xb5, 0x9c, 0xff, 0x51, 0xb8, 0x9e, 0xff, 0x2c, 0x56, 0x4e, 0xff, 0x12, 0x0d, 0x14, 0xff, 0x16, 0x19, 0x1e, 0xff, 0x16, 0x18, 0x1d, 0xff, 0x16, 0x18, 0x1d, 0xff, 0x16, 0x18, 0x1d, 0xff,
    0x16, 0x18, 0x1d, 0xff, 0x16, 0x18, 0x1d, 0xff, 0x16, 0x18, 0x1d, 0xff, 0x16, 0x18, 0x1d, 0xff, 0x16, 0x18, 0x1d, 0xff, 0x16, 0x18, 0x1d, 0xff, 0x16, 0x18, 0x1d, 0xff, 0x16, 0x18, 0x1d, 0xff,
    0x16, 0x18, 0x1d, 0xff, 0x16, 0x18, 0x1d, 0xff, 0x16, 0x18, 0x1d, 0xff, 0x16, 0x18, 0x1d, 0xff, 0x16, 0x18, 0x1d, 0xff, 0x16, 0x18, 0x1d, 0xff, 0x16, 0x18, 0x1d, 0xff, 0x16, 0x18, 0x1d, 0xff,
    0x16, 0x18, 0x1d, 0xff, 0x16, 0x18, 0x1d, 0xff, 0x16, 0x18, 0x1d, 0xff, 0x16, 0x18, 0x1d, 0xff, 0x16, 0x18, 0x1d, 0xff, 0x16, 0x18, 0x1d, 0xff, 0x16, 0x18, 0x1d, 0xff, 0x16, 0x18, 0x1d, 0xff,
    0x16, 0x18, 0x1d, 0xff, 0x16, 0x18, 0x1d, 0xff, 0x16, 0x18, 0x1d, 0xff, 0x16, 0x18, 0x1d, 0xfb, 0x18, 0x1a, 0x1f, 0xff, 0x16, 0x18, 0x1d, 0x72, 0x00, 0x00, 0x00, 0x00, 0x00, 0x00, 0x00, 0x04,
    0x00, 0x00, 0x00, 0x04, 0x00, 0x00, 0x00, 0x00, 0x16, 0x18, 0x1d, 0x72, 0x18, 0x1a, 0x1f, 0xff, 0x16, 0x18, 0x1d, 0xfb, 0x16, 0x18, 0x1d, 0xff, 0x16, 0x18, 0x1d, 0xff, 0x16, 0x18, 0x1d, 0xff,
    0x16, 0x18, 0x1d, 0xff, 0x16, 0x18, 0x1d, 0xff, 0x16, 0x18, 0x1d, 0xff, 0x16, 0x18, 0x1d, 0xff, 0x16, 0x18, 0x1d, 0xff, 0x16, 0x18, 0x1d, 0xff, 0x16, 0x18, 0x1d, 0xff, 0x17, 0x1b, 0x1f, 0xff,
    0x13, 0x0f, 0x16, 0xff, 0x1d, 0x2a, 0x2c, 0xff, 0x47, 0x9d, 0x88, 0xff, 0x52, 0xbc, 0xa1, 0xff, 0x4e, 0xb0, 0x98, 0xff, 0x4f, 0xb3, 0x9a, 0xff, 0x4e, 0xb1, 0x98, 0xff, 0x50, 0xb8, 0x9d, 0xff,
    0x4e, 0xb2, 0x99, 0xff, 0x27, 0x46, 0x42, 0xff, 0x12, 0x0d, 0x14, 0xff, 0x17, 0x1a, 0x1f, 0xff, 0x16, 0x18, 0x1d, 0xff, 0x16, 0x18, 0x1d, 0xff, 0x16, 0x18, 0x1d, 0xff, 0x16, 0x18, 0x1d, 0xff,
    0x16, 0x18, 0x1d, 0xff, 0x16, 0x18, 0x1d, 0xff, 0x16, 0x18, 0x1d, 0xff, 0x16, 0x18, 0x1d, 0xff, 0x16, 0x18, 0x1d, 0xff, 0x16, 0x18, 0x1d, 0xff, 0x16, 0x18, 0x1d, 0xff, 0x16, 0x18, 0x1d, 0xff,
    0x16, 0x18, 0x1d, 0xff, 0x16, 0x18, 0x1d, 0xff, 0x16, 0x18, 0x1d, 0xff, 0x16, 0x18, 0x1d, 0xff, 0x16, 0x18, 0x1d, 0xff, 0x16, 0x18, 0x1d, 0xff, 0x16, 0x18, 0x1d, 0xff, 0x16, 0x18, 0x1d, 0xff,
    0x16, 0x18, 0x1d, 0xff, 0x16, 0x18, 0x1d, 0xff, 0x16, 0x18, 0x1d, 0xff, 0x16, 0x18, 0x1d, 0xff, 0x16, 0x18, 0x1d, 0xff, 0x16, 0x18, 0x1d, 0xff, 0x16, 0x18, 0x1d, 0xff, 0x16, 0x18, 0x1d, 0xff,
    0x16, 0x18, 0x1d, 0xff, 0x16, 0x18, 0x1d, 0xff, 0x16, 0x18, 0x1d, 0xff, 0x16, 0x18, 0x1d, 0xfb, 0x18, 0x1a, 0x1f, 0xff, 0x16, 0x18, 0x1d, 0x72, 0x00, 0x00, 0x00, 0x00, 0x00, 0x00, 0x00, 0x04,
    0x00, 0x00, 0x00, 0x04, 0x00, 0x00, 0x00, 0x00, 0x16, 0x18, 0x1d, 0x72, 0x18, 0x1a, 0x1f, 0xff, 0x16, 0x18, 0x1d, 0xfb, 0x16, 0x18, 0x1d, 0xff, 0x16, 0x18, 0x1d, 0xff, 0x16, 0x18, 0x1d, 0xff,
    0x16, 0x18, 0x1d, 0xff, 0x16, 0x18, 0x1d, 0xff, 0x16, 0x18, 0x1d, 0xff, 0x16, 0x18, 0x1d, 0xff, 0x16, 0x18, 0x1d, 0xff, 0x16, 0x18, 0x1d, 0xff, 0x17, 0x1b, 0x1f, 0xff, 0x12, 0x0e, 0x15, 0xff,
    0x21, 0x36, 0x35, 0xff, 0x4b, 0xa8, 0x91, 0xff, 0x52, 0xba, 0xa0, 0xff, 0x4e, 0xb0, 0x98, 0xff, 0x4f, 0xb3, 0x9a, 0xff, 0x4e, 0xb0, 0x97, 0xff, 0x51, 0xba, 0xa0, 0xff, 0x4c, 0xaa, 0x93, 0xff,
    0x22, 0x38, 0x37, 0xff, 0x12, 0x0d, 0x14, 0xff, 0x17, 0x1b, 0x20, 0xff, 0x16, 0x18, 0x1d, 0xff, 0x16, 0x18, 0x1d, 0xff, 0x16, 0x18, 0x1d, 0xff, 0x16, 0x18, 0x1d, 0xff, 0x16, 0x18, 0x1d, 0xff,
    0x16, 0x18, 0x1d, 0xff, 0x16, 0x18, 0x1d, 0xff, 0x16, 0x18, 0x1d, 0xff, 0x16, 0x18, 0x1d, 0xff, 0x16, 0x18, 0x1d, 0xff, 0x16, 0x18, 0x1d, 0xff, 0x16, 0x18, 0x1d, 0xff, 0x16, 0x18, 0x1d, 0xff,
    0x16, 0x18, 0x1d, 0xff, 0x16, 0x18, 0x1d, 0xff, 0x16, 0x18, 0x1d, 0xff, 0x16, 0x18, 0x1d, 0xff, 0x16, 0x18, 0x1d, 0xff, 0x16, 0x18, 0x1d, 0xff, 0x16, 0x18, 0x1d, 0xff, 0x16, 0x18, 0x1d, 0xff,
    0x16, 0x18, 0x1d, 0xff, 0x16, 0x18, 0x1d, 0xff, 0x16, 0x18, 0x1d, 0xff, 0x16, 0x18, 0x1d, 0xff, 0x16, 0x18, 0x1d, 0xff, 0x16, 0x18, 0x1d, 0xff, 0x16, 0x18, 0x1d, 0xff, 0x16, 0x18, 0x1d, 0xff,
    0x16, 0x18, 0x1d, 0xff, 0x16, 0x18, 0x1d, 0xff, 0x16, 0x18, 0x1d, 0xff, 0x16, 0x18, 0x1d, 0xfb, 0x18, 0x1a, 0x1f, 0xff, 0x16, 0x18, 0x1d, 0x72, 0x00, 0x00, 0x00, 0x00, 0x00, 0x00, 0x00, 0x04,
    0x00, 0x00, 0x00, 0x04, 0x00, 0x00, 0x00, 0x00, 0x16, 0x18, 0x1d, 0x72, 0x18, 0x1a, 0x1f, 0xff, 0x16, 0x18, 0x1d, 0xfb, 0x16, 0x18, 0x1d, 0xff, 0x16, 0x18, 0x1d, 0xff, 0x16, 0x18, 0x1d, 0xff,
    0x16, 0x18, 0x1d, 0xff, 0x16, 0x18, 0x1d, 0xff, 0x16, 0x18, 0x1d, 0xff, 0x16, 0x18, 0x1d, 0xff, 0x16, 0x18, 0x1d, 0xff, 0x17, 0x1a, 0x1f, 0xff, 0x12, 0x0c, 0x14, 0xff, 0x26, 0x44, 0x41, 0xff,
    0x4e, 0xb1, 0x98, 0xff, 0x51, 0xb8, 0x9e, 0xff, 0x4e, 0xb1, 0x98, 0xff, 0x4f, 0xb3, 0x9a, 0xff, 0x4e, 0xb0, 0x98, 0xff, 0x52, 0xbc, 0xa1, 0xff, 0x48, 0x9f, 0x8a, 0xff, 0x1d, 0x2c, 0x2d, 0xff,
    0x13, 0x0f, 0x16, 0xff, 0x17, 0x1b, 0x1f, 0xff, 0x16, 0x18, 0x1d, 0xff, 0x16, 0x18, 0x1d, 0xff, 0x16, 0x18, 0x1d, 0xff, 0x16, 0x18, 0x1d, 0xff, 0x16, 0x19, 0x1e, 0xff, 0x17, 0x1a, 0x1f, 0xff,
    0x17, 0x1a, 0x1e, 0xff, 0x17, 0x1a, 0x1e, 0xff, 0x17, 0x1a, 0x1e, 0xff, 0x17, 0x1a, 0x1e, 0xff, 0x17, 0x1a, 0x1e, 0xff, 0x17, 0x1a, 0x1e, 0xff, 0x17, 0x1a, 0x1e, 0xff, 0x17, 0x1a, 0x1e, 0xff,
    0x17, 0x1a, 0x1e, 0xff, 0x17, 0x1a, 0x1e, 0xff, 0x17, 0x1a, 0x1e, 0xff, 0x17, 0x1a, 0x1e, 0xff, 0x17, 0x1a, 0x1e, 0xff, 0x17, 0x1a, 0x1e, 0xff, 0x17, 0x1a, 0x1e, 0xff, 0x17, 0x1a, 0x1f, 0xff,
    0x17, 0x1a, 0x1f, 0xff, 0x16, 0x18, 0x1d, 0xff, 0x16, 0x18, 0x1d, 0xff, 0x16, 0x18, 0x1d, 0xff, 0x16, 0x18, 0x1d, 0xff, 0x16, 0x18, 0x1d, 0xff, 0x16, 0x18, 0x1d, 0xff, 0x16, 0x18, 0x1d, 0xff,
    0x16, 0x18, 0x1d, 0xff, 0x16, 0x18, 0x1d, 0xff, 0x16, 0x18, 0x1d, 0xff, 0x16, 0x18, 0x1d, 0xfb, 0x18, 0x1a, 0x1f, 0xff, 0x16, 0x18, 0x1d, 0x72, 0x00, 0x00, 0x00, 0x00, 0x00, 0x00, 0x00, 0x04,
    0x00, 0x00, 0x00, 0x04, 0x00, 0x00, 0x00, 0x00, 0x16, 0x18, 0x1d, 0x72, 0x18, 0x1a, 0x1f, 0xff, 0x16, 0x18, 0x1d, 0xfb, 0x16, 0x18, 0x1d, 0xff, 0x16, 0x18, 0x1d, 0xff, 0x16, 0x18, 0x1d, 0xff,
    0x16, 0x18, 0x1d, 0xff, 0x16, 0x18, 0x1d, 0xff, 0x16, 0x18, 0x1d, 0xff, 0x16, 0x18, 0x1d, 0xff, 0x17, 0x19, 0x1e, 0xff, 0x12, 0x0e, 0x16, 0xff, 0x2b, 0x53, 0x4c, 0xff, 0x51, 0xb7, 0x9d, 0xff,
    0x50, 0xb5, 0x9c, 0xff, 0x4e, 0xb1, 0x98, 0xff, 0x4f, 0xb3, 0x9a, 0xff, 0x4e, 0xb0, 0x97, 0xff, 0x53, 0xbe, 0xa3, 0xff, 0x43, 0x93, 0x80, 0xff, 0x1a, 0x21, 0x25, 0xff, 0x14, 0x11, 0x17, 0xff,
    0x17, 0x1b, 0x1f, 0xff, 0x16, 0x18, 0x1d, 0xff, 0x16, 0x18, 0x1d, 0xff, 0x16, 0x18, 0x1d, 0xff, 0x16, 0x18, 0x1d, 0xff, 0x16, 0x19, 0x1e, 0xff, 0x14, 0x13, 0x19, 0xff, 0x12, 0x0e, 0x15, 0xff,
    0x13, 0x10, 0x17, 0xff, 0x13, 0x10, 0x16, 0xff, 0x13, 0x10, 0x16, 0xff, 0x13, 0x10, 0x16, 0xff, 0x13, 0x10, 0x16, 0xff, 0x13, 0x10, 0x16, 0xff, 0x13, 0x10, 0x16, 0xff, 0x13, 0x10, 0x16, 0xff,
    0x13, 0x10, 0x16, 0xff, 0x13, 0x10, 0x16, 0xff, 0x13, 0x10, 0x16, 0xff, 0x13, 0x10, 0x16, 0xff, 0x13, 0x10, 0x16, 0xff, 0x13, 0x10, 0x16, 0xff, 0x13, 0x10, 0x16, 0xff, 0x13, 0x0f, 0x16, 0xff,
    0x13, 0x0f, 0x16, 0xff, 0x16, 0x19, 0x1d, 0xff, 0x16, 0x18, 0x1d, 0xff, 0x16, 0x18, 0x1d, 0xff, 0x16, 0x18, 0x1d, 0xff, 0x16, 0x18, 0x1d, 0xff, 0x16, 0x18, 0x1d, 0xff, 0x16, 0x18, 0x1d, 0xff,
    0x16, 0x18, 0x1d, 0xff, 0x16, 0x18, 0x1d, 0xff, 0x16, 0x18, 0x1d, 0xff, 0x16, 0x18, 0x1d, 0xfb, 0x18, 0x1a, 0x1f, 0xff, 0x16, 0x18, 0x1d, 0x72, 0x00, 0x00, 0x00, 0x00, 0x00, 0x00, 0x00, 0x04,
    0x00, 0x00, 0x00, 0x04, 0x00, 0x00, 0x00, 0x00, 0x16, 0x18, 0x1d, 0x72, 0x18, 0x1a, 0x1f, 0xff, 0x16, 0x18, 0x1d, 0xfb, 0x16, 0x18, 0x1d, 0xff, 0x16, 0x18, 0x1d, 0xff, 0x16, 0x18, 0x1d, 0xff,
    0x16, 0x18, 0x1d, 0xff, 0x16, 0x18, 0x1d, 0xff, 0x16, 0x18, 0x1d, 0xff, 0x17, 0x1a, 0x1f, 0xff, 0x13, 0x10, 0x17, 0xff, 0x2d, 0x57, 0x50, 0xff, 0x53, 0xbd, 0xa2, 0xff, 0x4f, 0xb3, 0x9a, 0xff,
    0x4e, 0xb2, 0x99, 0xff, 0x4f, 0xb3, 0x9a, 0xff, 0x4e, 0xb1, 0x98, 0xff, 0x53, 0xbf, 0xa3, 0xff, 0x3e, 0x84, 0x75, 0xff, 0x16, 0x19, 0x1e, 0xff, 0x15, 0x14, 0x1a, 0xff, 0x17, 0x1a, 0x1f, 0xff,
    0x16, 0x18, 0x1d, 0xff, 0x16, 0x18, 0x1d, 0xff, 0x16, 0x18, 0x1d, 0xff, 0x16, 0x18, 0x1d, 0xff, 0x17, 0x19, 0x1e, 0xff, 0x14, 0x12, 0x18, 0xff, 0x20, 0x33, 0x32, 0xff, 0x39, 0x78, 0x6a, 0xff,
    0x3d, 0x81, 0x72, 0xff, 0x3c, 0x81, 0x71, 0xff, 0x3c, 0x81, 0x71, 0xff, 0x3c, 0x81, 0x71, 0xff, 0x3c, 0x81, 0x71, 0xff, 0x3c, 0x81, 0x71, 0xff, 0x3c, 0x81, 0x71, 0xff, 0x3c, 0x81, 0x71, 0xff,
    0x3c, 0x81, 0x71, 0xff, 0x3c, 0x81, 0x71, 0xff, 0x3c, 0x81, 0x71, 0xff, 0x3c, 0x81, 0x71, 0xff, 0x3c, 0x81, 0x71, 0xff, 0x3c, 0x81, 0x71, 0xff, 0x3c, 0x81, 0x71, 0xff, 0x3c, 0x80, 0x71, 0xff,
    0x2a, 0x50, 0x4a, 0xff, 0x14, 0x13, 0x19, 0xff, 0x16, 0x18, 0x1d, 0xff, 0x16, 0x18, 0x1d, 0xff, 0x16, 0x18, 0x1d, 0xff, 0x16, 0x18, 0x1d, 0xff, 0x16, 0x18, 0x1d, 0xff, 0x16, 0x18, 0x1d, 0xff,
    0x16, 0x18, 0x1d, 0xff, 0x16, 0x18, 0x1d, 0xff, 0x16, 0x18, 0x1d, 0xff, 0x16, 0x18, 0x1d, 0xfb, 0x18, 0x1a, 0x1f, 0xff, 0x16, 0x18, 0x1d, 0x72, 0x00, 0x00, 0x00, 0x00, 0x00, 0x00, 0x00, 0x04,
    0x00, 0x00, 0x00, 0x04, 0x00, 0x00, 0x00, 0x00, 0x16, 0x18, 0x1d, 0x72, 0x18, 0x1a, 0x1f, 0xff, 0x16, 0x18, 0x1d, 0xfb, 0x16, 0x18, 0x1d, 0xff, 0x16, 0x18, 0x1d, 0xff, 0x16, 0x18, 0x1d, 0xff,
    0x16, 0x18, 0x1d, 0xff, 0x16, 0x18, 0x1d, 0xff, 0x16, 0x19, 0x1e, 0xff, 0x15, 0x17, 0x1b, 0xff, 0x18, 0x1e, 0x22, 0xff, 0x4a, 0xa7, 0x90, 0xff, 0x50, 0xb6, 0x9d, 0xff, 0x4f, 0xb1, 0x99, 0xff,
    0x4f, 0xb2, 0x99, 0xff, 0x4f, 0xb1, 0x99, 0xff, 0x53, 0xbe, 0xa3, 0xff, 0x39, 0x75, 0x69, 0xff, 0x14, 0x13, 0x19, 0xff, 0x15, 0x16, 0x1b, 0xff, 0x17, 0x1a, 0x1f, 0xff, 0x16, 0x18, 0x1d, 0xff,
    0x16, 0x18, 0x1d, 0xff, 0x16, 0x18, 0x1d, 0xff, 0x16, 0x18, 0x1d, 0xff, 0x16, 0x19, 0x1e, 0xff, 0x15, 0x15, 0x1a, 0xff, 0x1c, 0x28, 0x2a, 0xff, 0x4c, 0xaa, 0x93, 0xff, 0x54, 0xc1, 0xa5, 0xff,
    0x52, 0xbb, 0xa1, 0xff, 0x52, 0xbc, 0xa2, 0xff, 0x52, 0xbc, 0xa1, 0xff, 0x52, 0xbc, 0xa1, 0xff, 0x52, 0xbc, 0xa1, 0xff, 0x52, 0xbc, 0xa1, 0xff, 0x52, 0xbc, 0xa1, 0xff, 0x52, 0xbc, 0xa1, 0xff,
    0x52, 0xbc, 0xa1, 0xff, 0x52, 0xbc, 0xa1, 0xff, 0x52, 0xbc, 0xa1, 0xff, 0x52, 0xbc, 0xa1, 0xff, 0x52, 0xbc, 0xa1, 0xff, 0x52, 0xbc, 0xa2, 0xff, 0x52, 0xbc, 0xa1, 0xff, 0x52, 0xbc, 0xa1, 0xff,
    0x54, 0xc1, 0xa5, 0xff, 0x2c, 0x54, 0x4d, 0xff, 0x13, 0x0f, 0x16, 0xff, 0x17, 0x1a, 0x1f, 0xff, 0x16, 0x18, 0x1d, 0xff, 0x16, 0x18, 0x1d, 0xff, 0x16, 0x18, 0x1d, 0xff, 0x16, 0x18, 0x1d, 0xff,
    0x16, 0x18, 0x1d, 0xff, 0x16, 0x18, 0x1d, 0xff, 0x16, 0x18, 0x1d, 0xff, 0x16, 0x18, 0x1d, 0xfb, 0x18, 0x1a, 0x1f, 0xff, 0x16, 0x18, 0x1d, 0x72, 0x00, 0x00, 0x00, 0x00, 0x00, 0x00, 0x00, 0x04,
    0x00, 0x00, 0x00, 0x04, 0x00, 0x00, 0x00, 0x00, 0x16, 0x18, 0x1d, 0x72, 0x18, 0x1a, 0x1f, 0xff, 0x16, 0x18, 0x1d, 0xfb, 0x16, 0x18, 0x1d, 0xff, 0x16, 0x18, 0x1d, 0xff, 0x16, 0x18, 0x1d, 0xff,
    0x16, 0x18, 0x1d, 0xff, 0x16, 0x18, 0x1d, 0xff, 0x16, 0x19, 0x1e, 0xff, 0x15, 0x16, 0x1b, 0xff, 0x19, 0x22, 0x25, 0xff, 0x4c, 0xab, 0x93, 0xff, 0x50, 0xb5, 0x9c, 0xff, 0x4e, 0xaf, 0x97, 0xff,
    0x4f, 0xb4, 0x9a, 0xff, 0x52, 0xbc, 0xa1, 0xff, 0x33, 0x65, 0x5b, 0xff, 0x13, 0x0f, 0x16, 0xff, 0x16, 0x18, 0x1d, 0xff, 0x16, 0x19, 0x1e, 0xff, 0x16, 0x18, 0x1d, 0xff, 0x16, 0x18, 0x1d, 0xff,
    0x16, 0x18, 0x1d, 0xff, 0x16, 0x18, 0x1d, 0xff, 0x16, 0x18, 0x1d, 0xff, 0x17, 0x1a, 0x1f, 0xff, 0x12, 0x0d, 0x15, 0xff, 0x2c, 0x55, 0x4e, 0xff, 0x53, 0xbd, 0xa2, 0xff, 0x4d, 0xad, 0x95, 0xff,
    0x4e, 0xb1, 0x98, 0xff, 0x4e, 0xb1, 0x98, 0xff, 0x4e, 0xb1, 0x98, 0xff, 0x4e, 0xb1, 0x98, 0xff, 0x4e, 0xb1, 0x98, 0xff, 0x4e, 0xb1, 0x98, 0xff, 0x4e, 0xb1, 0x98, 0xff, 0x4e, 0xb1, 0x98, 0xff,
    0x4e, 0xb1, 0x98, 0xff, 0x4e, 0xb1, 0x98, 0xff, 0x4e, 0xb1, 0x98, 0xff, 0x4e, 0xb1, 0x98, 0xff, 0x4e, 0xb1, 0x98, 0xff, 0x4e, 0xb1, 0x98, 0xff, 0x4e, 0xb1, 0x98, 0xff, 0x4d, 0xae, 0x96, 0xff,
    0x51, 0xb9, 0x9f, 0xff, 0x41, 0x8d, 0x7b, 0xff, 0x13, 0x10, 0x17, 0xff, 0x17, 0x1a, 0x1e, 0xff, 0x16, 0x18, 0x1d, 0xff, 0x16, 0x18, 0x1d, 0xff, 0x16, 0x18, 0x1d, 0xff, 0x16, 0x18, 0x1d, 0xff,
    0x16, 0x18, 0x1d, 0xff, 0x16, 0x18, 0x1d, 0xff, 0x16, 0x18, 0x1d, 0xff, 0x16, 0x18, 0x1d, 0xfb, 0x18, 0x1a, 0x1f, 0xff, 0x16, 0x18, 0x1d, 0x72, 0x00, 0x00, 0x00, 0x00, 0x00, 0x00, 0x00, 0x04,
    0x00, 0x00, 0x00, 0x04, 0x00, 0x00, 0x00, 0x00, 0x16, 0x18, 0x1d, 0x72, 0x18, 0x1a, 0x1f, 0xff, 0x16, 0x18, 0x1d, 0xfb, 0x16, 0x18, 0x1d, 0xff, 0x16, 0x18, 0x1d, 0xff, 0x16, 0x18, 0x1d, 0xff,
    0x16, 0x18, 0x1d, 0xff, 0x16, 0x18, 0x1d, 0xff, 0x16, 0x18, 0x1d, 0xff, 0x17, 0x1a, 0x1e, 0xff, 0x13, 0x10, 0x17, 0xff, 0x33, 0x68, 0x5d, 0xff, 0x54, 0xc0, 0xa5, 0xff, 0x53, 0xbd, 0xa2, 0xff,
    0x50, 0xb6, 0x9c, 0xff, 0x2d, 0x56, 0x4f, 0xff, 0x12, 0x0d, 0x14, 0xff, 0x16, 0x19, 0x1e, 0xff, 0x16, 0x19, 0x1e, 0xff, 0x16, 0x18, 0x1d, 0xff, 0x16, 0x18, 0x1d, 0xff, 0x16, 0x18, 0x1d, 0xff,
    0x16, 0x18, 0x1d, 0xff, 0x16, 0x18, 0x1d, 0xff, 0x16, 0x18, 0x1d, 0xff, 0x17, 0x1a, 0x1e, 0xff, 0x13, 0x10, 0x17, 0xff, 0x25, 0x40, 0x3d, 0xff, 0x53, 0xbd, 0xa2, 0xff, 0x4f, 0xb5, 0x9b, 0xff,
    0x4f, 0xb3, 0x9a, 0xff, 0x4f, 0xb4, 0x9b, 0xff, 0x4f, 0xb4, 0x9b, 0xff, 0x4f, 0xb4, 0x9b, 0xff, 0x4f, 0xb4, 0x9b, 0xff, 0x4f, 0xb4, 0x9b, 0xff, 0x4f, 0xb4, 0x9b, 0xff, 0x4f, 0xb4, 0x9b, 0xff,
    0x4f, 0xb4, 0x9b, 0xff, 0x4f, 0xb4, 0x9b, 0xff, 0x4f, 0xb4, 0x9b, 0xff, 0x4f, 0xb4, 0x9b, 0xff, 0x4f, 0xb4, 0x9b, 0xff, 0x4f, 0xb4, 0x9b, 0xff, 0x4f, 0xb4, 0x9b, 0xff, 0x4e, 0xb2, 0x99, 0xff,
    0x55, 0xc4, 0xa7, 0xff, 0x39, 0x76, 0x69, 0xff, 0x12, 0x0e, 0x15, 0xff, 0x17, 0x1a, 0x1f, 0xff, 0x16, 0x18, 0x1d, 0xff, 0x16, 0x18, 0x1d, 0xff, 0x16, 0x18, 0x1d, 0xff, 0x16, 0x18, 0x1d, 0xff,
    0x16, 0x18, 0x1d, 0xff, 0x16, 0x18, 0x1d, 0xff, 0x16, 0x18, 0x1d, 0xff, 0x16, 0x18, 0x1d, 0xfb, 0x18, 0x1a, 0x1f, 0xff, 0x16, 0x18, 0x1d, 0x72, 0x00, 0x00, 0x00, 0x00, 0x00, 0x00, 0x00, 0x04,
    0x00, 0x00, 0x00, 0x04, 0x00, 0x00, 0x00, 0x00, 0x16, 0x18, 0x1d, 0x71, 0x18, 0x1a, 0x1f, 0xff, 0x16, 0x18, 0x1d, 0xfb, 0x16, 0x18, 0x1d, 0xff, 0x16, 0x18, 0x1d, 0xff, 0x16, 0x18, 0x1d, 0xff,
    0x16, 0x18, 0x1d, 0xff, 0x16, 0x18, 0x1d, 0xff, 0x16, 0x18, 0x1d, 0xff, 0x16, 0x18, 0x1d, 0xff, 0x16, 0x18, 0x1c, 0xff, 0x15, 0x14, 0x1a, 0xff, 0x27, 0x47, 0x43, 0xff, 0x32, 0x63, 0x59, 0xff,
    0x21, 0x35, 0x35, 0xff, 0x13, 0x0f, 0x16, 0xff, 0x17, 0x1a, 0x1f, 0xff, 0x16, 0x18, 0x1d, 0xff, 0x16, 0x18, 0x1d, 0xff, 0x16, 0x18, 0x1d, 0xff, 0x16, 0x18, 0x1d, 0xff, 0x16, 0x18, 0x1d, 0xff,
    0x16, 0x18, 0x1d, 0xff, 0x16, 0x18, 0x1d, 0xff, 0x16, 0x18, 0x1d, 0xff, 0x16, 0x18, 0x1d, 0xff, 0x16, 0x18, 0x1e, 0xff, 0x14, 0x13, 0x1a, 0xff, 0x34, 0x6a, 0x5f, 0xff, 0x4e, 0xb0, 0x98, 0xff,
    0x4e, 0xb1, 0x98, 0xff, 0x4e, 0xb1, 0x98, 0xff, 0x4e, 0xb1, 0x99, 0xff, 0x4e, 0xb1, 0x99, 0xff, 0x4e, 0xb1, 0x99, 0xff, 0x4e, 0xb1, 0x99, 0xff, 0x4e, 0xb1, 0x99, 0xff, 0x4e, 0xb1, 0x99, 0xff,
    0x4e, 0xb1, 0x99, 0xff, 0x4e, 0xb1, 0x99, 0xff, 0x4e, 0xb1, 0x99, 0xff, 0x4e, 0xb1, 0x99, 0xff, 0x4e, 0xb1, 0x99, 0xff, 0x4e, 0xb1, 0x98, 0xff, 0x4e, 0xb1, 0x98, 0xff, 0x4f, 0xb2, 0x9a, 0xff,
    0x42, 0x90, 0x7e, 0xff, 0x1b, 0x26, 0x28, 0xff, 0x15, 0x15, 0x1a, 0xff, 0x16, 0x19, 0x1e, 0xff, 0x16, 0x18, 0x1d, 0xff, 0x16, 0x18, 0x1d, 0xff, 0x16, 0x18, 0x1d, 0xff, 0x16, 0x18, 0x1d, 0xff,
    0x16, 0x18, 0x1d, 0xff, 0x16, 0x18, 0x1d, 0xff, 0x16, 0x18, 0x1d, 0xff, 0x16, 0x18, 0x1d, 0xfb, 0x18, 0x1a, 0x1f, 0xff, 0x16, 0x18, 0x1d, 0x71, 0x00, 0x00, 0x00, 0x00, 0x00, 0x00, 0x00, 0x04,
    0x00, 0x00, 0x00, 0x04, 0x00, 0x00, 0x00, 0x00, 0x16, 0x18, 0x1d, 0x68, 0x17, 0x1a, 0x1f, 0xff, 0x16, 0x18, 0x1d, 0xfb, 0x16, 0x18, 0x1d, 0xff, 0x16, 0x18, 0x1d, 0xff, 0x16, 0x18, 0x1d, 0xff,
    0x16, 0x18, 0x1d, 0xff, 0x16, 0x18, 0x1d, 0xff, 0x16, 0x18, 0x1d, 0xff, 0x16, 0x18, 0x1d, 0xff, 0x16, 0x18, 0x1d, 0xff, 0x16, 0x19, 0x1d, 0xff, 0x13, 0x10, 0x16, 0xff, 0x12, 0x0c, 0x13, 0xff,
    0x14, 0x12, 0x18, 0xff, 0x17, 0x1a, 0x1f, 0xff, 0x16, 0x18, 0x1d, 0xff, 0x16, 0x18, 0x1d, 0xff, 0x16, 0x18, 0x1d, 0xff, 0x16, 0x18, 0x1d, 0xff, 0x16, 0x18, 0x1d, 0xff, 0x16, 0x18, 0x1d, 0xff,
    0x16, 0x18, 0x1d, 0xff, 0x16, 0x18, 0x1d, 0xff, 0x16, 0x18, 0x1d, 0xff, 0x16, 0x18, 0x1d, 0xff, 0x16, 0x18, 0x1d, 0xff, 0x16, 0x17, 0x1d, 0xff, 0x13, 0x11, 0x18, 0xff, 0x1c, 0x27, 0x29, 0xff,
    0x1f, 0x32, 0x32, 0xff, 0x1f, 0x30, 0x30, 0xff, 0x1f, 0x30, 0x31, 0xff, 0x1f, 0x30, 0x31, 0xff, 0x1f, 0x30, 0x31, 0xff, 0x1f, 0x30, 0x31, 0xff, 0x1f, 0x30, 0x31, 0xff, 0x1f, 0x30, 0x31, 0xff,
    0x1f, 0x30, 0x31, 0xff, 0x1f, 0x30, 0x31, 0xff, 0x1f, 0x30, 0x31, 0xff, 0x1f, 0x30, 0x31, 0xff, 0x1f, 0x30, 0x31, 0xff, 0x1f, 0x30, 0x31, 0xff, 0x1f, 0x31, 0x31, 0xff, 0x1e, 0x2e, 0x2f, 0xff,
    0x15, 0x16, 0x1c, 0xff, 0x15, 0x14, 0x1a, 0xff, 0x16, 0x19, 0x1e, 0xff, 0x16, 0x18, 0x1d, 0xff, 0x16, 0x18, 0x1d, 0xff, 0x16, 0x18, 0x1d, 0xff, 0x16, 0x18, 0x1d, 0xff, 0x16, 0x18, 0x1d, 0xff,
    0x16, 0x18, 0x1d, 0xff, 0x16, 0x18, 0x1d, 0xff, 0x16, 0x18, 0x1d, 0xff, 0x16, 0x18, 0x1d, 0xfb, 0x17, 0x1a, 0x1f, 0xff, 0x16, 0x18, 0x1d, 0x67, 0x00, 0x00, 0x00, 0x00, 0x00, 0x00, 0x00, 0x04,
    0x00, 0x00, 0x00, 0x04, 0x00, 0x00, 0x00, 0x00, 0x16, 0x1a, 0x1d, 0x4e, 0x17, 0x19, 0x1f, 0xff, 0x16, 0x18, 0x1d, 0xfc, 0x16, 0x18, 0x1d, 0xff, 0x16, 0x18, 0x1d, 0xff, 0x16, 0x18, 0x1d, 0xff,
    0x16, 0x18, 0x1d, 0xff, 0x16, 0x18, 0x1d, 0xff, 0x16, 0x18, 0x1d, 0xff, 0x16, 0x18, 0x1d, 0xff, 0x16, 0x18, 0x1d, 0xff, 0x16, 0x18, 0x1d, 0xff, 0x17, 0x1a, 0x1f, 0xff, 0x17, 0x1b, 0x1f, 0xff,
    0x17, 0x19, 0x1e, 0xff, 0x16, 0x18, 0x1d, 0xff, 0x16, 0x18, 0x1d, 0xff, 0x16, 0x18, 0x1d, 0xff, 0x16, 0x18, 0x1d, 0xff, 0x16, 0x18, 0x1d, 0xff, 0x16, 0x18, 0x1d, 0xff, 0x16, 0x18, 0x1d, 0xff,
    0x16, 0x18, 0x1d, 0xff, 0x16, 0x18, 0x1d, 0xff, 0x16, 0x18, 0x1d, 0xff, 0x16, 0x18, 0x1d, 0xff, 0x16, 0x18, 0x1d, 0xff, 0x16, 0x18, 0x1d, 0xff, 0x17, 0x19, 0x1e, 0xff, 0x15, 0x14, 0x1a, 0xff,
    0x14, 0x12, 0x18, 0xff, 0x14, 0x13, 0x19, 0xff, 0x14, 0x13, 0x19, 0xff, 0x14, 0x13, 0x19, 0xff, 0x14, 0x13, 0x19, 0xff, 0x14, 0x13, 0x19, 0xff, 0x14, 0x13, 0x19, 0xff, 0x14, 0x13, 0x19, 0xff,
    0x14, 0x13, 0x19, 0xff, 0x14, 0x13, 0x19, 0xff, 0x14, 0x13, 0x19, 0xff, 0x14, 0x13, 0x19, 0xff, 0x14, 0x13, 0x19, 0xff, 0x14, 0x13, 0x19, 0xff, 0x14, 0x13, 0x19, 0xff, 0x14, 0x13, 0x19, 0xff,
    0x16, 0x18, 0x1d, 0xff, 0x16, 0x19, 0x1e, 0xff, 0x16, 0x18, 0x1d, 0xff, 0x16, 0x18, 0x1d, 0xff, 0x16, 0x18, 0x1d, 0xff, 0x16, 0x18, 0x1d, 0xff, 0x16, 0x18, 0x1d, 0xff, 0x16, 0x18, 0x1d, 0xff,
    0x16, 0x18, 0x1d, 0xff, 0x16, 0x18, 0x1d, 0xff, 0x16, 0x18, 0x1d, 0xff, 0x16, 0x18, 0x1d, 0xfc, 0x17, 0x19, 0x1f, 0xff, 0x16, 0x16, 0x1d, 0x4e, 0x00, 0x00, 0x00, 0x00, 0x00, 0x00, 0x00, 0x04,
    0x00, 0x00, 0x00, 0x02, 0x00, 0x00, 0x00, 0x00, 0x15, 0x15, 0x1c, 0x24, 0x16, 0x18, 0x1d, 0xfa, 0x16, 0x18, 0x1d, 0xff, 0x16, 0x18, 0x1d, 0xfe, 0x16, 0x18, 0x1d, 0xff, 0x16, 0x18, 0x1d, 0xff,
    0x16, 0x18, 0x1d, 0xff, 0x16, 0x18, 0x1d, 0xff, 0x16, 0x18, 0x1d, 0xff, 0x16, 0x18, 0x1d, 0xff, 0x16, 0x18, 0x1d, 0xff, 0x16, 0x18, 0x1d, 0xff, 0x16, 0x18, 0x1d, 0xff, 0x16, 0x18, 0x1d, 0xff,
    0x16, 0x18, 0x1d, 0xff, 0x16, 0x18, 0x1d, 0xff, 0x16, 0x18, 0x1d, 0xff, 0x16, 0x18, 0x1d, 0xff, 0x16, 0x18, 0x1d, 0xff, 0x16, 0x18, 0x1d, 0xff, 0x16, 0x18, 0x1d, 0xff, 0x16, 0x18, 0x1d, 0xff,
    0x16, 0x18, 0x1d, 0xff, 0x16, 0x18, 0x1d, 0xff, 0x16, 0x18, 0x1d, 0xff, 0x16, 0x18, 0x1d, 0xff, 0x16, 0x18, 0x1d, 0xff, 0x16, 0x18, 0x1d, 0xff, 0x16, 0x18, 0x1d, 0xff, 0x16, 0x19, 0x1e, 0xff,
    0x16, 0x19, 0x1e, 0xff, 0x16, 0x19, 0x1e, 0xff, 0x16, 0x19, 0x1e, 0xff, 0x16, 0x19, 0x1e, 0xff, 0x16, 0x19, 0x1e, 0xff, 0x16, 0x19, 0x1e, 0xff, 0x16, 0x19, 0x1e, 0xff, 0x16, 0x19, 0x1e, 0xff,
    0x16, 0x19, 0x1e, 0xff, 0x16, 0x19, 0x1e, 0xff, 0x16, 0x19, 0x1e, 0xff, 0x16, 0x19, 0x1e, 0xff, 0x16, 0x19, 0x1e, 0xff, 0x16, 0x19, 0x1e, 0xff, 0x16, 0x19, 0x1e, 0xff, 0x16, 0x19, 0x1e, 0xff,
    0x16, 0x18, 0x1d, 0xff, 0x16, 0x18, 0x1d, 0xff, 0x16, 0x18, 0x1d, 0xff, 0x16, 0x18, 0x1d, 0xff, 0x16, 0x18, 0x1d, 0xff, 0x16, 0x18, 0x1d, 0xff, 0x16, 0x18, 0x1d, 0xff, 0x16, 0x18, 0x1d, 0xff,
    0x16, 0x18, 0x1d, 0xff, 0x16, 0x18, 0x1d, 0xff, 0x16, 0x18, 0x1d, 0xfe, 0x16, 0x18, 0x1d, 0xff, 0x16, 0x18, 0x1d, 0xfa, 0x15, 0x15, 0x1c, 0x24, 0x00, 0x00, 0x00, 0x00, 0x00, 0x00, 0x00, 0x02,
    0x00, 0x00, 0x00, 0x00, 0x00, 0x00, 0x00, 0x01, 0x00, 0x00, 0x00, 0x02, 0x16, 0x18, 0x1c, 0xd0, 0x17, 0x19, 0x1e, 0xfe, 0x16, 0x18, 0x1d, 0xfc, 0x16, 0x18, 0x1d, 0xff, 0x16, 0x18, 0x1d, 0xff,
    0x16, 0x18, 0x1d, 0xff, 0x16, 0x18, 0x1d, 0xff, 0x16, 0x18, 0x1d, 0xff, 0x16, 0x18, 0x1d, 0xff, 0x16, 0x18, 0x1d, 0xff, 0x16, 0x18, 0x1d, 0xff, 0x16, 0x18, 0x1d, 0xff, 0x16, 0x18, 0x1d, 0xff,
    0x16, 0x18, 0x1d, 0xff, 0x16, 0x18, 0x1d, 0xff, 0x16, 0x18, 0x1d, 0xff, 0x16, 0x18, 0x1d, 0xff, 0x16, 0x18, 0x1d, 0xff, 0x16, 0x18, 0x1d, 0xff, 0x16, 0x18, 0x1d, 0xff, 0x16, 0x18, 0x1d, 0xff,
    0x16, 0x18, 0x1d, 0xff, 0x16, 0x18, 0x1d, 0xff, 0x16, 0x18, 0x1d, 0xff, 0x16, 0x18, 0x1d, 0xff, 0x16, 0x18, 0x1d, 0xff, 0x16, 0x18, 0x1d, 0xff, 0x16, 0x18, 0x1d, 0xff, 0x16, 0x18, 0x1d, 0xff,
    0x16, 0x18, 0x1d, 0xff, 0x16, 0x18, 0x1d, 0xff, 0x16, 0x18, 0x1d, 0xff, 0x16, 0x18, 0x1d, 0xff, 0x16, 0x18, 0x1d, 0xff, 0x16, 0x18, 0x1d, 0xff, 0x16, 0x18, 0x1d, 0xff, 0x16, 0x18, 0x1d, 0xff,
    0x16, 0x18, 0x1d, 0xff, 0x16, 0x18, 0x1d, 0xff, 0x16, 0x18, 0x1d, 0xff, 0x16, 0x18, 0x1d, 0xff, 0x16, 0x18, 0x1d, 0xff, 0x16, 0x18, 0x1d, 0xff, 0x16, 0x18, 0x1d, 0xff, 0x16, 0x18, 0x1d, 0xff,
    0x16, 0x18, 0x1d, 0xff, 0x16, 0x18, 0x1d, 0xff, 0x16, 0x18, 0x1d, 0xff, 0x16, 0x18, 0x1d, 0xff, 0x16, 0x18, 0x1d, 0xff, 0x16, 0x18, 0x1d, 0xff, 0x16, 0x18, 0x1d, 0xff, 0x16, 0x18, 0x1d, 0xff,
    0x16, 0x18, 0x1d, 0xff, 0x16, 0x18, 0x1d, 0xff, 0x16, 0x18, 0x1d, 0xfc, 0x17, 0x19, 0x1e, 0xfe, 0x16, 0x18, 0x1c, 0xd0, 0x00, 0x00, 0x00, 0x02, 0x00, 0x00, 0x00, 0x01, 0x00, 0x00, 0x00, 0x00,
    0x00, 0x00, 0x00, 0x00, 0x00, 0x00, 0x00, 0x04, 0x00, 0x00, 0x00, 0x00, 0x15, 0x19, 0x1d, 0x78, 0x17, 0x1a, 0x1f, 0xff, 0x16, 0x18, 0x1d, 0xfb, 0x16, 0x18, 0x1d, 0xff, 0x16, 0x18, 0x1d, 0xff,
    0x16, 0x18, 0x1d, 0xff, 0x16, 0x18, 0x1d, 0xff, 0x16, 0x18, 0x1d, 0xff, 0x16, 0x18, 0x1d, 0xff, 0x16, 0x18, 0x1d, 0xff, 0x16, 0x18, 0x1d, 0xff, 0x16, 0x18, 0x1d, 0xff, 0x16, 0x18, 0x1d, 0xff,
    0x16, 0x18, 0x1d, 0xff, 0x16, 0x18, 0x1d, 0xff, 0x16, 0x18, 0x1d, 0xff, 0x16, 0x18, 0x1d, 0xff, 0x16, 0x18, 0x1d, 0xff, 0x16, 0x18, 0x1d, 0xff, 0x16, 0x18, 0x1d, 0xff, 0x16, 0x18, 0x1d, 0xff,
    0x16, 0x18, 0x1d, 0xff, 0x16, 0x18, 0x1d, 0xff, 0x16, 0x18, 0x1d, 0xff, 0x16, 0x18, 0x1d, 0xff, 0x16, 0x18, 0x1d, 0xff, 0x16, 0x18, 0x1d, 0xff, 0x16, 0x18, 0x1d, 0xff, 0x16, 0x18, 0x1d, 0xff,
    0x16, 0x18, 0x1d, 0xff, 0x16, 0x18, 0x1d, 0xff, 0x16, 0x18, 0x1d, 0xff, 0x16, 0x18, 0x1d, 0xff, 0x16, 0x18, 0x1d, 0xff, 0x16, 0x18, 0x1d, 0xff, 0x16, 0x18, 0x1d, 0xff, 0x16, 0x18, 0x1d, 0xff,
    0x16, 0x18, 0x1d, 0xff, 0x16, 0x18, 0x1d, 0xff, 0x16, 0x18, 0x1d, 0xff, 0x16, 0x18, 0x1d, 0xff, 0x16, 0x18, 0x1d, 0xff, 0x16, 0x18, 0x1d, 0xff, 0x16, 0x18, 0x1d, 0xff, 0x16, 0x18, 0x1d, 0xff,
    0x16, 0x18, 0x1d, 0xff, 0x16, 0x18, 0x1d, 0xff, 0x16, 0x18, 0x1d, 0xff, 0x16, 0x18, 0x1d, 0xff, 0x16, 0x18, 0x1d, 0xff, 0x16, 0x18, 0x1d, 0xff, 0x16, 0x18, 0x1d, 0xff, 0x16, 0x18, 0x1d, 0xff,
    0x16, 0x18, 0x1d, 0xff, 0x16, 0x18, 0x1d, 0xff, 0x16, 0x18, 0x1d, 0xfb, 0x17, 0x1a, 0x1f, 0xff, 0x15, 0x19, 0x1d, 0x78, 0x00, 0x00, 0x00, 0x00, 0x00, 0x00, 0x00, 0x04, 0x00, 0x00, 0x00, 0x00,
    0x00, 0x00, 0x00, 0x00, 0x00, 0x00, 0x00, 0x01, 0x00, 0x00, 0x00, 0x01, 0x17, 0x17, 0x17, 0x16, 0x16, 0x17, 0x1c, 0xee, 0x16, 0x18, 0x1d, 0xfd, 0x16, 0x18, 0x1d, 0xfd, 0x16, 0x18, 0x1d, 0xff,
    0x16, 0x18, 0x1d, 0xff, 0x16, 0x18, 0x1d, 0xff, 0x16, 0x18, 0x1d, 0xff, 0x16, 0x18, 0x1d, 0xff, 0x16, 0x18, 0x1d, 0xff, 0x16, 0x18, 0x1d, 0xff, 0x16, 0x18, 0x1d, 0xff, 0x16, 0x18, 0x1d, 0xff,
    0x16, 0x18, 0x1d, 0xff, 0x16, 0x18, 0x1d, 0xff, 0x16, 0x18, 0x1d, 0xff, 0x16, 0x18, 0x1d, 0xff, 0x16, 0x18, 0x1d, 0xff, 0x16, 0x18, 0x1d, 0xff, 0x16, 0x18, 0x1d, 0xff, 0x16, 0x18, 0x1d, 0xff,
    0x16, 0x18, 0x1d, 0xff, 0x16, 0x18, 0x1d, 0xff, 0x16, 0x18, 0x1d, 0xff, 0x16, 0x18, 0x1d, 0xff, 0x16, 0x18, 0x1d, 0xff, 0x16, 0x18, 0x1d, 0xff, 0x16, 0x18, 0x1d, 0xff, 0x16, 0x18, 0x1d, 0xff,
    0x16, 0x18, 0x1d, 0xff, 0x16, 0x18, 0x1d, 0xff, 0x16, 0x18, 0x1d, 0xff, 0x16, 0x18, 0x1d, 0xff, 0x16, 0x18, 0x1d, 0xff, 0x16, 0x18, 0x1d, 0xff, 0x16, 0x18, 0x1d, 0xff, 0x16, 0x18, 0x1d, 0xff,
    0x16, 0x18, 0x1d, 0xff, 0x16, 0x18, 0x1d, 0xff, 0x16, 0x18, 0x1d, 0xff, 0x16, 0x18, 0x1d, 0xff, 0x16, 0x18, 0x1d, 0xff, 0x16, 0x18, 0x1d, 0xff, 0x16, 0x18, 0x1d, 0xff, 0x16, 0x18, 0x1d, 0xff,
    0x16, 0x18, 0x1d, 0xff, 0x16, 0x18, 0x1d, 0xff, 0x16, 0x18, 0x1d, 0xff, 0x16, 0x18, 0x1d, 0xff, 0x16, 0x18, 0x1d, 0xff, 0x16, 0x18, 0x1d, 0xff, 0x16, 0x18, 0x1d, 0xff, 0x16, 0x18, 0x1d, 0xff,
    0x16, 0x18, 0x1d, 0xff, 0x16, 0x18, 0x1d, 0xfd, 0x16, 0x18, 0x1d, 0xfd, 0x16, 0x17, 0x1c, 0xee, 0x17, 0x17, 0x17, 0x16, 0x00, 0x00, 0x00, 0x01, 0x00, 0x00, 0x00, 0x01, 0x00, 0x00, 0x00, 0x00,
    0x00, 0x00, 0x00, 0x00, 0x00, 0x00, 0x00, 0x00, 0x00, 0x00, 0x00, 0x03, 0x00, 0x00, 0x00, 0x00, 0x14, 0x17, 0x1b, 0x6e, 0x18, 0x1a, 0x1f, 0xff, 0x16, 0x18, 0x1d, 0xfa, 0x16, 0x18, 0x1d, 0xff,
    0x16, 0x18, 0x1d, 0xff, 0x16, 0x18, 0x1d, 0xff, 0x16, 0x18, 0x1d, 0xff, 0x16, 0x18, 0x1d, 0xff, 0x16, 0x18, 0x1d, 0xff, 0x16, 0x18, 0x1d, 0xff, 0x16, 0x18, 0x1d, 0xff, 0x16, 0x18, 0x1d, 0xff,
    0x16, 0x18, 0x1d, 0xff, 0x16, 0x18, 0x1d, 0xff, 0x16, 0x18, 0x1d, 0xff, 0x16, 0x18, 0x1d, 0xff, 0x16, 0x18, 0x1d, 0xff, 0x16, 0x18, 0x1d, 0xff, 0x16, 0x18, 0x1d, 0xff, 0x16, 0x18, 0x1d, 0xff,
    0x16, 0x18, 0x1d, 0xff, 0x16, 0x18, 0x1d, 0xff, 0x16, 0x18, 0x1d, 0xff, 0x16, 0x18, 0x1d, 0xff, 0x16, 0x18, 0x1d, 0xff, 0x16, 0x18, 0x1d, 0xff, 0x16, 0x18, 0x1d, 0xff, 0x16, 0x18, 0x1d, 0xff,
    0x16, 0x18, 0x1d, 0xff, 0x16, 0x18, 0x1d, 0xff, 0x16, 0x18, 0x1d, 0xff, 0x16, 0x18, 0x1d, 0xff, 0x16, 0x18, 0x1d, 0xff, 0x16, 0x18, 0x1d, 0xff, 0x16, 0x18, 0x1d, 0xff, 0x16, 0x18, 0x1d, 0xff,
    0x16, 0x18, 0x1d, 0xff, 0x16, 0x18, 0x1d, 0xff, 0x16, 0x18, 0x1d, 0xff, 0x16, 0x18, 0x1d, 0xff, 0x16, 0x18, 0x1d, 0xff, 0x16, 0x18, 0x1d, 0xff, 0x16, 0x18, 0x1d, 0xff, 0x16, 0x18, 0x1d, 0xff,
    0x16, 0x18, 0x1d, 0xff, 0x16, 0x18, 0x1d, 0xff, 0x16, 0x18, 0x1d, 0xff, 0x16, 0x18, 0x1d, 0xff, 0x16, 0x18, 0x1d, 0xff, 0x16, 0x18, 0x1d, 0xff, 0x16, 0x18, 0x1d, 0xff, 0x16, 0x18, 0x1d, 0xff,
    0x16, 0x18, 0x1d, 0xff, 0x16, 0x18, 0x1d, 0xfa, 0x18, 0x1a, 0x1f, 0xff, 0x15, 0x17, 0x1c, 0x6d, 0x00, 0x00, 0x00, 0x00, 0x00, 0x00, 0x00, 0x03, 0x00, 0x00, 0x00, 0x00, 0x00, 0x00, 0x00, 0x00,
    0x00, 0x00, 0x00, 0x00, 0x00, 0x00, 0x00, 0x00, 0x00, 0x00, 0x00, 0x00, 0x00, 0x00, 0x00, 0x03, 0x00, 0x00, 0x00, 0x01, 0x16, 0x16, 0x1c, 0xb3, 0x17, 0x1a, 0x1f, 0xff, 0x16, 0x18, 0x1d, 0xfa,
    0x16, 0x18, 0x1d, 0xff, 0x16, 0x18, 0x1d, 0xff, 0x16, 0x18, 0x1d, 0xff, 0x16, 0x18, 0x1d, 0xff, 0x16, 0x18, 0x1d, 0xff, 0x16, 0x18, 0x1d, 0xff, 0x16, 0x18, 0x1d, 0xff, 0x16, 0x18, 0x1d, 0xff,
    0x16, 0x18, 0x1d, 0xff, 0x16, 0x18, 0x1d, 0xff, 0x16, 0x18, 0x1d, 0xff, 0x16, 0x18, 0x1d, 0xff, 0x16, 0x18, 0x1d, 0xff, 0x16, 0x18, 0x1d, 0xff, 0x16, 0x18, 0x1d, 0xff, 0x16, 0x18, 0x1d, 0xff,
    0x16, 0x18, 0x1d, 0xff, 0x16, 0x18, 0x1d, 0xff, 0x16, 0x18, 0x1d, 0xff, 0x16, 0x18, 0x1d, 0xff, 0x16, 0x18, 0x1d, 0xff, 0x16, 0x18, 0x1d, 0xff, 0x16, 0x18, 0x1d, 0xff, 0x16, 0x18, 0x1d, 0xff,
    0x16, 0x18, 0x1d, 0xff, 0x16, 0x18, 0x1d, 0xff, 0x16, 0x18, 0x1d, 0xff, 0x16, 0x18, 0x1d, 0xff, 0x16, 0x18, 0x1d, 0xff, 0x16, 0x18, 0x1d, 0xff, 0x16, 0x18, 0x1d, 0xff, 0x16, 0x18, 0x1d, 0xff,
    0x16, 0x18, 0x1d, 0xff, 0x16, 0x18, 0x1d, 0xff, 0x16, 0x18, 0x1d, 0xff, 0x16, 0x18, 0x1d, 0xff, 0x16, 0x18, 0x1d, 0xff, 0x16, 0x18, 0x1d, 0xff, 0x16, 0x18, 0x1d, 0xff, 0x16, 0x18, 0x1d, 0xff,
    0x16, 0x18, 0x1d, 0xff, 0x16, 0x18, 0x1d, 0xff, 0x16, 0x18, 0x1d, 0xff, 0x16, 0x18, 0x1d, 0xff, 0x16, 0x18, 0x1d, 0xff, 0x16, 0x18, 0x1d, 0xff, 0x16, 0x18, 0x1d, 0xff, 0x16, 0x18, 0x1d, 0xff,
    0x16, 0x18, 0x1d, 0xfa, 0x17, 0x1a, 0x1f, 0xff, 0x16, 0x16, 0x1c, 0xb3, 0x00, 0x00, 0x00, 0x01, 0x00, 0x00, 0x00, 0x03, 0x00, 0x00, 0x00, 0x00, 0x00, 0x00, 0x00, 0x00, 0x00, 0x00, 0x00, 0x00,
    0x00, 0x00, 0x00, 0x00, 0x00, 0x00, 0x00, 0x00, 0x00, 0x00, 0x00, 0x00, 0x00, 0x00, 0x00, 0x01, 0x00, 0x00, 0x00, 0x02, 0x12, 0x12, 0x24, 0x0e, 0x15, 0x18, 0x1d, 0xc7, 0x18, 0x1a, 0x20, 0xff,
    0x16, 0x18, 0x1d, 0xfa, 0x16, 0x18, 0x1d, 0xfe, 0x16, 0x18, 0x1d, 0xff, 0x16, 0x18, 0x1d, 0xff, 0x16, 0x18, 0x1d, 0xff, 0x16, 0x18, 0x1d, 0xff, 0x16, 0x18, 0x1d, 0xff, 0x16, 0x18, 0x1d, 0xff,
    0x16, 0x18, 0x1d, 0xff, 0x16, 0x18, 0x1d, 0xff, 0x16, 0x18, 0x1d, 0xff, 0x16, 0x18, 0x1d, 0xff, 0x16, 0x18, 0x1d, 0xff, 0x16, 0x18, 0x1d, 0xff, 0x16, 0x18, 0x1d, 0xff, 0x16, 0x18, 0x1d, 0xff,
    0x16, 0x18, 0x1d, 0xff, 0x16, 0x18, 0x1d, 0xff, 0x16, 0x18, 0x1d, 0xff, 0x16, 0x18, 0x1d, 0xff, 0x16, 0x18, 0x1d, 0xff, 0x16, 0x18, 0x1d, 0xff, 0x16, 0x18, 0x1d, 0xff, 0x16, 0x18, 0x1d, 0xff,
    0x16, 0x18, 0x1d, 0xff, 0x16, 0x18, 0x1d, 0xff, 0x16, 0x18, 0x1d, 0xff, 0x16, 0x18, 0x1d, 0xff, 0x16, 0x18, 0x1d, 0xff, 0x16, 0x18, 0x1d, 0xff, 0x16, 0x18, 0x1d, 0xff, 0x16, 0x18, 0x1d, 0xff,
    0x16, 0x18, 0x1d, 0xff, 0x16, 0x18, 0x1d, 0xff, 0x16, 0x18, 0x1d, 0xff, 0x16, 0x18, 0x1d, 0xff, 0x16, 0x18, 0x1d, 0xff, 0x16, 0x18, 0x1d, 0xff, 0x16, 0x18, 0x1d, 0xff, 0x16, 0x18, 0x1d, 0xff,
    0x16, 0x18, 0x1d, 0xff, 0x16, 0x18, 0x1d, 0xff, 0x16, 0x18, 0x1d, 0xff, 0x16, 0x18, 0x1d, 0xff, 0x16, 0x18, 0x1d, 0xff, 0x16, 0x18, 0x1d, 0xff, 0x16, 0x18, 0x1d, 0xfe, 0x16, 0x18, 0x1d, 0xfb,
    0x18, 0x1a, 0x20, 0xff, 0x15, 0x18, 0x1d, 0xc7, 0x12, 0x12, 0x24, 0x0e, 0x00, 0x00, 0x00, 0x02, 0x00, 0x00, 0x00, 0x01, 0x00, 0x00, 0x00, 0x00, 0x00, 0x00, 0x00, 0x00, 0x00, 0x00, 0x00, 0x00,
    0x00, 0x00, 0x00, 0x00, 0x00, 0x00, 0x00, 0x00, 0x00, 0x00, 0x00, 0x00, 0x00, 0x00, 0x00, 0x00, 0x00, 0x00, 0x00, 0x02, 0x00, 0x00, 0x00, 0x00, 0x11, 0x11, 0x22, 0x0f, 0x17, 0x18, 0x1e, 0xb1,
    0x18, 0x1a, 0x1f, 0xff, 0x16, 0x19, 0x1e, 0xff, 0x16, 0x18, 0x1d, 0xfb, 0x16, 0x18, 0x1d, 0xfd, 0x16, 0x18, 0x1d, 0xfe, 0x16, 0x18, 0x1d, 0xff, 0x16, 0x18, 0x1d, 0xff, 0x16, 0x18, 0x1d, 0xff,
    0x16, 0x18, 0x1d, 0xff, 0x16, 0x18, 0x1d, 0xff, 0x16, 0x18, 0x1d, 0xff, 0x16, 0x18, 0x1d, 0xff, 0x16, 0x18, 0x1d, 0xff, 0x16, 0x18, 0x1d, 0xff, 0x16, 0x18, 0x1d, 0xff, 0x16, 0x18, 0x1d, 0xff,
    0x16, 0x18, 0x1d, 0xff, 0x16, 0x18, 0x1d, 0xff, 0x16, 0x18, 0x1d, 0xff, 0x16, 0x18, 0x1d, 0xff, 0x16, 0x18, 0x1d, 0xff, 0x16, 0x18, 0x1d, 0xff, 0x16, 0x18, 0x1d, 0xff, 0x16, 0x18, 0x1d, 0xff,
    0x16, 0x18, 0x1d, 0xff, 0x16, 0x18, 0x1d, 0xff, 0x16, 0x18, 0x1d, 0xff, 0x16, 0x18, 0x1d, 0xff, 0x16, 0x18, 0x1d, 0xff, 0x16, 0x18, 0x1d, 0xff, 0x16, 0x18, 0x1d, 0xff, 0x16, 0x18, 0x1d, 0xff,
    0x16, 0x18, 0x1d, 0xff, 0x16, 0x18, 0x1d, 0xff, 0x16, 0x18, 0x1d, 0xff, 0x16, 0x18, 0x1d, 0xff, 0x16, 0x18, 0x1d, 0xff, 0x16, 0x18, 0x1d, 0xff, 0x16, 0x18, 0x1d, 0xff, 0x16, 0x18, 0x1d, 0xff,
    0x16, 0x18, 0x1d, 0xff, 0x16, 0x18, 0x1d, 0xff, 0x16, 0x18, 0x1d, 0xff, 0x16, 0x18, 0x1d, 0xfe, 0x16, 0x18, 0x1d, 0xfd, 0x16, 0x18, 0x1d, 0xfb, 0x17, 0x19, 0x1e, 0xff, 0x18, 0x1a, 0x1f, 0xff,
    0x17, 0x18, 0x1e, 0xb1, 0x11, 0x11, 0x22, 0x0f, 0x00, 0x00, 0x00, 0x00, 0x00, 0x00, 0x00, 0x02, 0x00, 0x00, 0x00, 0x00, 0x00, 0x00, 0x00, 0x00, 0x00, 0x00, 0x00, 0x00, 0x00, 0x00, 0x00, 0x00,
    0x00, 0x00, 0x00, 0x00, 0x00, 0x00, 0x00, 0x00, 0x00, 0x00, 0x00, 0x00, 0x00, 0x00, 0x00, 0x00, 0x00, 0x00, 0x00, 0x00, 0x00, 0x00, 0x00, 0x02, 0x00, 0x00, 0x00, 0x00, 0x00, 0x00, 0x00, 0x00,
    0x16, 0x19, 0x1d, 0x6f, 0x16, 0x19, 0x1d, 0xea, 0x18, 0x1a, 0x1f, 0xff, 0x17, 0x19, 0x1e, 0xff, 0x16, 0x18, 0x1d, 0xff, 0x16, 0x18, 0x1d, 0xfc, 0x16, 0x18, 0x1d, 0xfb, 0x16, 0x18, 0x1d, 0xfb,
    0x16, 0x18, 0x1d, 0xfb, 0x16, 0x18, 0x1d, 0xfb, 0x16, 0x18, 0x1d, 0xfb, 0x16, 0x18, 0x1d, 0xfb, 0x16, 0x18, 0x1d, 0xfb, 0x16, 0x18, 0x1d, 0xfb, 0x16, 0x18, 0x1d, 0xfb, 0x16, 0x18, 0x1d, 0xfb,
    0x16, 0x18, 0x1d, 0xfb, 0x16, 0x18, 0x1d, 0xfb, 0x16, 0x18, 0x1d, 0xfb, 0x16, 0x18, 0x1d, 0xfb, 0x16, 0x18, 0x1d, 0xfb, 0x16, 0x18, 0x1d, 0xfb, 0x16, 0x18, 0x1d, 0xfb, 0x16, 0x18, 0x1d, 0xfb,
    0x16, 0x18, 0x1d, 0xfb, 0x16, 0x18, 0x1d, 0xfb, 0x16, 0x18, 0x1d, 0xfb, 0x16, 0x18, 0x1d, 0xfb, 0x16, 0x18, 0x1d, 0xfb, 0x16, 0x18, 0x1d, 0xfb, 0x16, 0x18, 0x1d, 0xfb, 0x16, 0x18, 0x1d, 0xfb,
    0x16, 0x18, 0x1d, 0xfb, 0x16, 0x18, 0x1d, 0xfb, 0x16, 0x18, 0x1d, 0xfb, 0x16, 0x18, 0x1d, 0xfb, 0x16, 0x18, 0x1d, 0xfb, 0x16, 0x18, 0x1d, 0xfb, 0x16, 0x18, 0x1d, 0xfb, 0x16, 0x18, 0x1d, 0xfb,
    0x16, 0x18, 0x1d, 0xfb, 0x16, 0x18, 0x1d, 0xfb, 0x16, 0x18, 0x1d, 0xfc, 0x16, 0x18, 0x1d, 0xff, 0x17, 0x19, 0x1e, 0xff, 0x18, 0x1a, 0x1f, 0xff, 0x16, 0x19, 0x1d, 0xea, 0x16, 0x19, 0x1d, 0x6f,
    0x00, 0x00, 0x00, 0x00, 0x00, 0x00, 0x00, 0x00, 0x00, 0x00, 0x00, 0x02, 0x00, 0x00, 0x00, 0x00, 0x00, 0x00, 0x00, 0x00, 0x00, 0x00, 0x00, 0x00, 0x00, 0x00, 0x00, 0x00, 0x00, 0x00, 0x00, 0x00,
    0x00, 0x00, 0x00, 0x00, 0x00, 0x00, 0x00, 0x00, 0x00, 0x00, 0x00, 0x00, 0x00, 0x00, 0x00, 0x00, 0x00, 0x00, 0x00, 0x00, 0x00, 0x00, 0x00, 0x00, 0x00, 0x00, 0x00, 0x01, 0x00, 0x00, 0x00, 0x01,
    0x00, 0x00, 0x00, 0x00, 0x15, 0x15, 0x1f, 0x18, 0x17, 0x19, 0x1d, 0x79, 0x16, 0x18, 0x1d, 0xcd, 0x16, 0x18, 0x1d, 0xfa, 0x17, 0x19, 0x1e, 0xff, 0x17, 0x1a, 0x1f, 0xff, 0x18, 0x1a, 0x1f, 0xff,
    0x18, 0x1a, 0x1f, 0xff, 0x18, 0x1a, 0x1f, 0xff, 0x18, 0x1a, 0x1f, 0xff, 0x18, 0x1a, 0x1f, 0xff, 0x18, 0x1a, 0x1f, 0xff, 0x18, 0x1a, 0x1f, 0xff, 0x18, 0x1a, 0x1f, 0xff, 0x18, 0x1a, 0x1f, 0xff,
    0x18, 0x1a, 0x1f, 0xff, 0x18, 0x1a, 0x1f, 0xff, 0x18, 0x1a, 0x1f, 0xff, 0x18, 0x1a, 0x1f, 0xff, 0x18, 0x1a, 0x1f, 0xff, 0x18, 0x1a, 0x1f, 0xff, 0x18, 0x1a, 0x1f, 0xff, 0x18, 0x1a, 0x1f, 0xff,
    0x18, 0x1a, 0x1f, 0xff, 0x18, 0x1a, 0x1f, 0xff, 0x18, 0x1a, 0x1f, 0xff, 0x18, 0x1a, 0x1f, 0xff, 0x18, 0x1a, 0x1f, 0xff, 0x18, 0x1a, 0x1f, 0xff, 0x18, 0x1a, 0x1f, 0xff, 0x18, 0x1a, 0x1f, 0xff,
    0x18, 0x1a, 0x1f, 0xff, 0x18, 0x1a, 0x1f, 0xff, 0x18, 0x1a, 0x1f, 0xff, 0x18, 0x1a, 0x1f, 0xff, 0x18, 0x1a, 0x1f, 0xff, 0x18, 0x1a, 0x1f, 0xff, 0x18, 0x1a, 0x1f, 0xff, 0x18, 0x1a, 0x1f, 0xff,
    0x18, 0x1a, 0x1f, 0xff, 0x17, 0x1a, 0x1f, 0xff, 0x17, 0x19, 0x1e, 0xff, 0x16, 0x18, 0x1d, 0xfa, 0x16, 0x18, 0x1d, 0xcd, 0x17, 0x19, 0x1d, 0x79, 0x15, 0x15, 0x1f, 0x18, 0x00, 0x00, 0x00, 0x00,
    0x00, 0x00, 0x00, 0x01, 0x00, 0x00, 0x00, 0x01, 0x00, 0x00, 0x00, 0x00, 0x00, 0x00, 0x00, 0x00, 0x00, 0x00, 0x00, 0x00, 0x00, 0x00, 0x00, 0x00, 0x00, 0x00, 0x00, 0x00, 0x00, 0x00, 0x00, 0x00,
    0x00, 0x00, 0x00, 0x00, 0x00, 0x00, 0x00, 0x00, 0x00, 0x00, 0x00, 0x00, 0x00, 0x00, 0x00, 0x00, 0x00, 0x00, 0x00, 0x00, 0x00, 0x00, 0x00, 0x00, 0x00, 0x00, 0x00, 0x00, 0x00, 0x00, 0x00, 0x00,
    0x00, 0x00, 0x00, 0x03, 0x00, 0x00, 0x00, 0x00, 0x00, 0x00, 0x00, 0x00, 0x00, 0x00, 0x00, 0x00, 0x14, 0x1a, 0x1a, 0x26, 0x17, 0x17, 0x1d, 0x4d, 0x16, 0x18, 0x1d, 0x68, 0x16, 0x18, 0x1d, 0x71,
    0x16, 0x18, 0x1d, 0x72, 0x16, 0x18, 0x1d, 0x72, 0x16, 0x18, 0x1d, 0x72, 0x16, 0x18, 0x1d, 0x72, 0x16, 0x18, 0x1d, 0x72, 0x16, 0x18, 0x1d, 0x72, 0x16, 0x18, 0x1d, 0x72, 0x16, 0x18, 0x1d, 0x72,
    0x16, 0x18, 0x1d, 0x72, 0x16, 0x18, 0x1d, 0x72, 0x16, 0x18, 0x1d, 0x72, 0x16, 0x18, 0x1d, 0x72, 0x16, 0x18, 0x1d, 0x72, 0x16, 0x18, 0x1d, 0x72, 0x16, 0x18, 0x1d, 0x72, 0x16, 0x18, 0x1d, 0x72,
    0x16, 0x18, 0x1d, 0x72, 0x16, 0x18, 0x1d, 0x72, 0x16, 0x18, 0x1d, 0x72, 0x16, 0x18, 0x1d, 0x72, 0x16, 0x18, 0x1d, 0x72, 0x16, 0x18, 0x1d, 0x72, 0x16, 0x18, 0x1d, 0x72, 0x16, 0x18, 0x1d, 0x72,
    0x16, 0x18, 0x1d, 0x72, 0x16, 0x18, 0x1d, 0x72, 0x16, 0x18, 0x1d, 0x72, 0x16, 0x18, 0x1d, 0x72, 0x16, 0x18, 0x1d, 0x72, 0x16, 0x18, 0x1d, 0x72, 0x16, 0x18, 0x1d, 0x72, 0x16, 0x18, 0x1d, 0x72,
    0x16, 0x18, 0x1d, 0x71, 0x16, 0x18, 0x1d, 0x68, 0x17, 0x17, 0x1d, 0x4d, 0x14, 0x1a, 0x1a, 0x26, 0x00, 0x00, 0x00, 0x00, 0x00, 0x00, 0x00, 0x00, 0x00, 0x00, 0x00, 0x00, 0x00, 0x00, 0x00, 0x03,
    0x00, 0x00, 0x00, 0x00, 0x00, 0x00, 0x00, 0x00, 0x00, 0x00, 0x00, 0x00, 0x00, 0x00, 0x00, 0x00, 0x00, 0x00, 0x00, 0x00, 0x00, 0x00, 0x00, 0x00, 0x00, 0x00, 0x00, 0x00, 0x00, 0x00, 0x00, 0x00,
    0x00, 0x00, 0x00, 0x00, 0x00, 0x00, 0x00, 0x00, 0x00, 0x00, 0x00, 0x00, 0x00, 0x00, 0x00, 0x00, 0x00, 0x00, 0x00, 0x00, 0x00, 0x00, 0x00, 0x00, 0x00, 0x00, 0x00, 0x00, 0x00, 0x00, 0x00, 0x00,
    0x00, 0x00, 0x00, 0x00, 0x00, 0x00, 0x00, 0x01, 0x00, 0x00, 0x00, 0x04, 0x00, 0x00, 0x00, 0x00, 0x00, 0x00, 0x00, 0x00, 0x00, 0x00, 0x00, 0x00, 0x00, 0x00, 0x00, 0x00, 0x00, 0x00, 0x00, 0x00,
    0x00, 0x00, 0x00, 0x00, 0x00, 0x00, 0x00, 0x00, 0x00, 0x00, 0x00, 0x00, 0x00, 0x00, 0x00, 0x00, 0x00, 0x00, 0x00, 0x00, 0x00, 0x00, 0x00, 0x00, 0x00, 0x00, 0x00, 0x00, 0x00, 0x00, 0x00, 0x00,
    0x00, 0x00, 0x00, 0x00, 0x00, 0x00, 0x00, 0x00, 0x00, 0x00, 0x00, 0x00, 0x00, 0x00, 0x00, 0x00, 0x00, 0x00, 0x00, 0x00, 0x00, 0x00, 0x00, 0x00, 0x00, 0x00, 0x00, 0x00, 0x00, 0x00, 0x00, 0x00,
    0x00, 0x00, 0x00, 0x00, 0x00, 0x00, 0x00, 0x00, 0x00, 0x00, 0x00, 0x00, 0x00, 0x00, 0x00, 0x00, 0x00, 0x00, 0x00, 0x00, 0x00, 0x00, 0x00, 0x00, 0x00, 0x00, 0x00, 0x00, 0x00, 0x00, 0x00, 0x00,
    0x00, 0x00, 0x00, 0x00, 0x00, 0x00, 0x00, 0x00, 0x00, 0x00, 0x00, 0x00, 0x00, 0x00, 0x00, 0x00, 0x00, 0x00, 0x00, 0x00, 0x00, 0x00, 0x00, 0x00, 0x00, 0x00, 0x00, 0x00, 0x00, 0x00, 0x00, 0x00,
    0x00, 0x00, 0x00, 0x00, 0x00, 0x00, 0x00, 0x00, 0x00, 0x00, 0x00, 0x00, 0x00, 0x00, 0x00, 0x00, 0x00, 0x00, 0x00, 0x00, 0x00, 0x00, 0x00, 0x04, 0x00, 0x00, 0x00, 0x01, 0x00, 0x00, 0x00, 0x00,
    0x00, 0x00, 0x00, 0x00, 0x00, 0x00, 0x00, 0x00, 0x00, 0x00, 0x00, 0x00, 0x00, 0x00, 0x00, 0x00, 0x00, 0x00, 0x00, 0x00, 0x00, 0x00, 0x00, 0x00, 0x00, 0x00, 0x00, 0x00, 0x00, 0x00, 0x00, 0x00,
    0x00, 0x00, 0x00, 0x00, 0x00, 0x00, 0x00, 0x00, 0x00, 0x00, 0x00, 0x00, 0x00, 0x00, 0x00, 0x00, 0x00, 0x00, 0x00, 0x00, 0x00, 0x00, 0x00, 0x00, 0x00, 0x00, 0x00, 0x00, 0x00, 0x00, 0x00, 0x00,
    0x00, 0x00, 0x00, 0x00, 0x00, 0x00, 0x00, 0x00, 0x00, 0x00, 0x00, 0x00, 0x00, 0x00, 0x00, 0x01, 0x00, 0x00, 0x00, 0x02, 0x00, 0x00, 0x00, 0x04, 0x00, 0x00, 0x00, 0x04, 0x00, 0x00, 0x00, 0x04,
    0x00, 0x00, 0x00, 0x04, 0x00, 0x00, 0x00, 0x04, 0x00, 0x00, 0x00, 0x04, 0x00, 0x00, 0x00, 0x04, 0x00, 0x00, 0x00, 0x04, 0x00, 0x00, 0x00, 0x04, 0x00, 0x00, 0x00, 0x04, 0x00, 0x00, 0x00, 0x04,
    0x00, 0x00, 0x00, 0x04, 0x00, 0x00, 0x00, 0x04, 0x00, 0x00, 0x00, 0x04, 0x00, 0x00, 0x00, 0x04, 0x00, 0x00, 0x00, 0x04, 0x00, 0x00, 0x00, 0x04, 0x00, 0x00, 0x00, 0x04, 0x00, 0x00, 0x00, 0x04,
    0x00, 0x00, 0x00, 0x04, 0x00, 0x00, 0x00, 0x04, 0x00, 0x00, 0x00, 0x04, 0x00, 0x00, 0x00, 0x04, 0x00, 0x00, 0x00, 0x04, 0x00, 0x00, 0x00, 0x04, 0x00, 0x00, 0x00, 0x04, 0x00, 0x00, 0x00, 0x04,
    0x00, 0x00, 0x00, 0x04, 0x00, 0x00, 0x00, 0x04, 0x00, 0x00, 0x00, 0x04, 0x00, 0x00, 0x00, 0x04, 0x00, 0x00, 0x00, 0x04, 0x00, 0x00, 0x00, 0x04, 0x00, 0x00, 0x00, 0x04, 0x00, 0x00, 0x00, 0x04,
    0x00, 0x00, 0x00, 0x04, 0x00, 0x00, 0x00, 0x04, 0x00, 0x00, 0x00, 0x04, 0x00, 0x00, 0x00, 0x02, 0x00, 0x00, 0x00, 0x01, 0x00, 0x00, 0x00, 0x00, 0x00, 0x00, 0x00, 0x00, 0x00, 0x00, 0x00, 0x00,
    0x00, 0x00, 0x00, 0x00, 0x00, 0x00, 0x00, 0x00, 0x00, 0x00, 0x00, 0x00, 0x00, 0x00, 0x00, 0x00, 0x00, 0x00, 0x00, 0x00, 0x00, 0x00, 0x00, 0x00, 0x00, 0x00, 0x00, 0x00, 0x00, 0x00, 0x00, 0x00
};
